-- phpMyAdmin SQL Dump
-- version 4.9.5deb2
-- https://www.phpmyadmin.net/
--
-- Host: localhost:3306
-- Generation Time: Feb 02, 2023 at 12:44 PM
-- Server version: 8.0.31-0ubuntu0.20.04.1
-- PHP Version: 7.4.3

SET SQL_MODE = "NO_AUTO_VALUE_ON_ZERO";
SET AUTOCOMMIT = 0;
START TRANSACTION;
SET time_zone = "+00:00";


/*!40101 SET @OLD_CHARACTER_SET_CLIENT=@@CHARACTER_SET_CLIENT */;
/*!40101 SET @OLD_CHARACTER_SET_RESULTS=@@CHARACTER_SET_RESULTS */;
/*!40101 SET @OLD_COLLATION_CONNECTION=@@COLLATION_CONNECTION */;
/*!40101 SET NAMES utf8mb4 */;

--
-- Database: `newmvc`
--

-- --------------------------------------------------------

--
-- Table structure for table `biz_categories`
--

CREATE TABLE `biz_categories` (
  `id` int NOT NULL,
  `parent` int NOT NULL DEFAULT '0',
  `label` varchar(60) DEFAULT NULL,
  `googleADSense` mediumtext NOT NULL,
  `priority` smallint DEFAULT NULL,
  `cat_phone` varchar(25) DEFAULT NULL,
  `active` tinyint DEFAULT '0',
  `visible` tinyint NOT NULL DEFAULT '1',
  `extra_fields` text,
  `max_lead_send` smallint DEFAULT NULL,
  `add_email_to_form` tinyint NOT NULL DEFAULT '0',
  `show_whatsapp_button` tinyint NOT NULL DEFAULT '1'
) ENGINE=InnoDB DEFAULT CHARSET=utf8mb4 COLLATE=utf8mb4_general_ci;

--
-- Dumping data for table `biz_categories`
--

INSERT INTO `biz_categories` (`id`, `parent`, `label`, `googleADSense`, `priority`, `cat_phone`, `active`, `visible`, `extra_fields`, `max_lead_send`, `add_email_to_form`, `show_whatsapp_button`) VALUES
(8, 0, 'הובלות', '', NULL, '', 1, 1, '', 0, 0, 1),
(9, 0, 'עורך דין', '', NULL, '', 1, 1, '', 0, 0, 1),
(10, 0, 'עיצוב הבית', '', NULL, '', 1, 1, '', 0, 0, 1),
(11, 8, 'הובלות קטנות', '', NULL, '', 1, 1, '', 0, 0, 1),
(12, 8, 'הובלות באותה עיר', '', NULL, '', 1, 1, '', 0, 0, 1),
(13, 8, 'הובלות לחול', '', NULL, '', 1, 1, '', 0, 0, 1),
(14, 8, 'הובלות גדולות', '', NULL, '', 1, 1, '', 0, 0, 1),
(15, 11, 'הובלת מקרר', '', NULL, '', 1, 1, '', 0, 0, 1),
(16, 11, 'הובלת ספה', '', NULL, '', 1, 1, '', 0, 0, 1),
(17, 11, 'הובלת מיטה', '', NULL, '', 1, 1, '', 0, 0, 1),
(18, 14, 'הובלת רכבים', '', NULL, '', 1, 1, '', 0, 0, 1),
(19, 14, 'הובלת בית', '', NULL, '', 1, 1, '', 0, 0, 1),
(20, 14, 'הובלת טנק', '', NULL, '', 1, 1, '', 0, 0, 1),
(21, 19, 'תכולה מלאה', '', NULL, '', 1, 1, '', 0, 0, 1),
(22, 19, 'חצי בית', '', NULL, '', 1, 1, '', 0, 0, 1),
(23, 9, 'עורך דין ירושה', '', NULL, '', 1, 1, '', 0, 0, 1),
(24, 9, 'עורך דין גירושין', '', NULL, '', 1, 1, '', 0, 0, 1),
(25, 9, 'תביעות קטנות', '', NULL, '', 1, 1, '', 0, 0, 1),
(26, 25, 'תחבורה', '', NULL, '', 1, 1, '', 0, 0, 1),
(27, 0, 'ccc', '', NULL, '', 1, 1, '', 0, 0, 1);

-- --------------------------------------------------------

--
-- Table structure for table `biz_forms`
--

CREATE TABLE `biz_forms` (
  `id` int NOT NULL,
  `site_id` int NOT NULL,
  `page_id` int NOT NULL,
  `title` varchar(250) NOT NULL,
  `cat_id` int DEFAULT NULL,
  `active` tinyint NOT NULL DEFAULT '0',
  `thanks_pixel` mediumtext NOT NULL,
  `thanks_redirect` mediumtext CHARACTER SET utf8mb4 COLLATE utf8mb4_general_ci,
  `input_remove` varchar(200) DEFAULT NULL,
  `add_email` tinyint NOT NULL DEFAULT '0',
  `limit_by_cities` tinyint NOT NULL DEFAULT '0',
  `bill_type` tinyint DEFAULT '0'
) ENGINE=InnoDB DEFAULT CHARSET=utf8mb4 COLLATE=utf8mb4_general_ci;

--
-- Dumping data for table `biz_forms`
--

INSERT INTO `biz_forms` (`id`, `site_id`, `page_id`, `title`, `cat_id`, `active`, `thanks_pixel`, `thanks_redirect`, `input_remove`, `add_email`, `limit_by_cities`, `bill_type`) VALUES
(1, 2, 9, 'דגכדגכ', 23, 1, '', NULL, '', 1, 0, 0),
(2, 2, 10, 'שוקו שוקו ', 14, 1, '', NULL, '', 1, 0, 0),
(3, 2, 24, 'וואו וואו וואו', 14, 1, '', NULL, '', 0, 1, 1),
(4, 2, 29, 'חפש מוביל', 8, 1, '', NULL, '', 1, 0, 0),
(5, 2, 30, 'חפש מוביל להובלה גדולה', 14, 1, '', NULL, '', 1, 0, 0),
(6, 2, 31, 'הובלת רכבים', 18, 1, '', NULL, '', 1, 0, 0),
(7, 2, 18, 'טופס קיץ', 9, 1, '', NULL, '', 1, 0, 0),
(8, 2, 25, 'ssss', 23, 1, 'f sd fsdfdsfs fsf ssdsdsdsds', NULL, '', 1, 0, 0),
(9, 1, 12, '', 9, 1, '', NULL, '', 1, 0, 0);

-- --------------------------------------------------------

--
-- Table structure for table `cat_city`
--

CREATE TABLE `cat_city` (
  `id` int NOT NULL,
  `cat_id` int NOT NULL,
  `city_id` int NOT NULL
) ENGINE=InnoDB DEFAULT CHARSET=utf8mb4 COLLATE=utf8mb4_general_ci;

--
-- Dumping data for table `cat_city`
--

INSERT INTO `cat_city` (`id`, `cat_id`, `city_id`) VALUES
(11, 8, 2),
(12, 8, 5),
(13, 8, 6),
(14, 8, 12),
(15, 8, 13),
(16, 8, 14),
(17, 8, 8);

-- --------------------------------------------------------

--
-- Table structure for table `cities`
--

CREATE TABLE `cities` (
  `id` int NOT NULL,
  `parent` int NOT NULL,
  `label` varchar(80) NOT NULL,
  `type` varchar(32) NOT NULL,
  `priority` smallint NOT NULL,
  `active` tinyint NOT NULL DEFAULT '1'
) ENGINE=InnoDB DEFAULT CHARSET=utf8mb4 COLLATE=utf8mb4_general_ci;

--
-- Dumping data for table `cities`
--

INSERT INTO `cities` (`id`, `parent`, `label`, `type`, `priority`, `active`) VALUES
(1, 0, 'כל הארץ', 'area', 0, 1),
(2, 1, 'השרון', 'area', 0, 1),
(3, 2, 'תל אביב', 'city', 0, 1),
(4, 2, 'בורגתה', 'city', 0, 1),
(5, 1, 'גליל', 'area', 10, 1),
(6, 5, 'קיבוץ הגושרים', 'city', 10, 1),
(7, 2, 'קיבוץ השומר', 'city', 10, 1),
(8, 1, 'הדרום', 'city', 10, 1),
(9, 8, 'באר שבע', 'city', 10, 1),
(10, 8, 'אופקים', 'city', 10, 1),
(11, 8, 'נתיבות', 'city', 10, 1),
(12, 5, 'אמירים', 'city', 10, 1),
(13, 5, 'אבירים', 'city', 10, 1),
(14, 5, 'טבריה', 'city', 10, 1);

-- --------------------------------------------------------

--
-- Table structure for table `content_blocks`
--

CREATE TABLE `content_blocks` (
  `id` int NOT NULL,
  `site_id` int NOT NULL,
  `page_id` int NOT NULL,
  `label` varchar(80) NOT NULL,
  `content` text,
  `css_class` varchar(32) DEFAULT NULL,
  `priority` int NOT NULL DEFAULT '0'
) ENGINE=InnoDB DEFAULT CHARSET=utf8mb4 COLLATE=utf8mb4_general_ci;

--
-- Dumping data for table `content_blocks`
--

INSERT INTO `content_blocks` (`id`, `site_id`, `page_id`, `label`, `content`, `css_class`, `priority`) VALUES
(2, 2, 10, 'הבלוק הראשון שלי 400', '<h3>הבלוק הראשון שלי 400 הבלוק הראשון שלי 400 הבלוק</h3>\r\n<p>&nbsp;הראשון שלי 400 הבלוק הראשון שלי 400 הבלוק הראשון שלי 400 הבלוק הראשון שלי 400 הבלוק הראשון שלי 400הבלוק הראשון שלי 400 הבלוק הראשון שלי 400 הבלוק הראשון שלי 400 הבלוק הראשון שלי 400 הבלוק הראשון שלי 400 הבלוק הראשון שלי 400 הבלוק הראשון שלי</p>\r\n<p>400 הבלוק הראשון שלי 400 הבלוק הראשון שלי 400 הבלוק הראשון שלי 400 הבלוק הראשון שלי 400 הבלוק הראשון שלי 400 הבלוק הראשון שלי 400 הבלוק הראשון שלי 400 הבלוק הראשון שלי 400 הבלוק הראשון שלי 400 הבלוק הראשון שלי 400 הבלוק הראשון שלי 400 הבלוק הראשון ש</p>\r\n<p>לי 400 הבלוק הראשון שלי 400 הבלוק הראשון שלי 400 הבלוק הראשון שלי 400 הבלוק הראשון שלי 400 הבלוק הראשון שלי 400הבלוק הראשון שלי 400 הבלוק הראשון שלי 400 הבלוק הראשון שלי 400הבלוק הראשון שלי 400הבלוק הראשון שלי 400 הבלוק הראשון שלי 400הבלוק הראשון שלי 400הבלוק הראשון שלי 400 הבלוק הראשון שלי 400 הבלוק הראשון שלי 400 הבלוק הראשון שלי 400 הבלוק הראשון שלי 400 הבלוק הראשון שלי 400 הבלוק הראשון שלי 400 הבלוק הראשון שלי 400</p>', NULL, 2),
(3, 2, 10, 'הבלוק הראשון שלי 22', 'הבלוק הראשון שלי 400 הבלוק הראשון שלי 400 \r\nהבלוק הראשון שלי 400 הבלוק הראשו\r\n\r\nן שלי 400 הבלוק הראשון שלי 400\r\n\r\n הבלוק הראשון שלי 400 הבלוק הראשון שלי 400הבלוק הראשון שלי 400 הבלוק הראשון שלי 400 הבלוק הראשון שלי 400 הבלוק הראשון שלי 400 הבלוק הראשון ', NULL, 3),
(4, 2, 10, 'הבלוק הראשון שלי', '<h4>הבלוק הראשון שלי 400 הבלוק הראשון שלי 400 הבלוק הראשון שלי 400 הבלוק הראשון שלי</h4>\r\n<p>&nbsp;400 הבלוק הראשון שלי 400 הבלוק הראשון שלי 400 הבלוק הראשון שלי 400הבלוק הראשון שלי 400 הבלוק הראשון שלי 400 הבלוק הראשון שלי 400 הבלוק הראשון שלי 400 הבלוק הראשון שלי 400 הבלוק הראשון שלי 400 הבלוק הראשון שלי 400 הבלוק הראשון שלי 400 הבלוק הראשון ש</p>\r\n<p>לי 400 הבלוק הראשון שלי 400 הבלוק הראשון שלי 400 הבלוק הראשון שלי 400 הבלוק הראשון שלי 400 הבלוק הראשון שלי 400 הבלוק הראשון שלי 400 ה</p>\r\n<p>&nbsp;</p>\r\n<p>בלוק הראשון שלי 400 הבלוק הראשון שלי 400 הבלוק הראשון שלי 400 הבלוק הראשון שלי 400 הבלוק הראשון שלי 400 הבלוק הראשון שלי 400 הבלוק הראשון שלי 400 הבלוק הראשון שלי 400 הבלוק הראשון שלי 400הבלוק הראשון שלי 400 הבלוק הראשון שלי 400 הבלוק הראשון שלי 400הבלוק הראשון שלי 400הבלוק הרו ן שלי 400 הבלוק הראשון שלי 400הבלוק הראשון שלי 400הבלוק הראשון שלי 400 הבלוק הראשון שלי 400 הבלוק הראשון שלי 400 הבלוק הראשון שלי 400 הבלוק הראשון שלי 400 הבלוק הראשון שלי 400 הבלוק הראשון שלי 400 הבלוק הראשון שלי 400הבלוק הראשון שלי 400 הבלוק הראשון שלי 400 הבלוק הראשון שלי 400 הבלוק הראשון שלי 400 הבלוק הראשון שלי 400 הבלוק הראשון שלי 400 הבלוק הראשון שלי 400הבלוק הראשון שלי 400 הבלוק הראשון שלי 400 הבלוק הראשון שלי 400 הבלוק הראשון שלי 400 הבלוק הראשון שלי 400 הבלוק הראשון שלי 400 הבלוק הראשון שלי 400 הבלוק הראשון שלי 400 הבלוק הראשון שלי 400 הבלוק הראשון שלי 400 הבלוק הראשון שלי 400 הבלוק הראשון שלי 400 ה</p>\r\n<p>&nbsp;</p>\r\n<p>בלוק הראשון שלי 400 הבלוק הראשון שלי 400 הבלוק הראשון שלי 400 הבלוק הראשון שלי 400 הבלוק הראשון שלי 400 הבלוק הראשון שלי 400 הבלוק הראשון שלי 400 הבלוק הראשון שלי</p>\r\n<p>&nbsp;</p>\r\n<p>&nbsp;הבלוק הראשון שלי 400 הבלוק הראשון שלי 400 הבלוק הראשון שלי 400 הבלוק הראשון שלי 400הבלוק הראשון שלי 400 הבלוק הראשון שלי 400 הבלוק הראשון שלי 400הבלוק הראשון שלי 400הבלוק הראשון שלי 400 הבלוק הראשון שלי 400הבלוק הראשון שלי 400הבלוק הראשון שלי 400 הבלוק הראשון שלי 400 הבלוק הראשון שלי 400 הבלוק הראשון שלי 400 הבלוק הראשון שלי 400 הבלוק הראשון שלי 400 הבלוק הראשון שלי 400 הבלוק הראשון שלי 400הבלוק הראשון שלי 400 הבלוק הראשון שלי 400 הבלוק הראשון שלי 400 הבלוק הראשון שלי 400 הבלוק הראשון שלי 400 הבלוק הראשון שלי 400 הבלוק הראשון שלי 400הבלוק הראשון שלי 400 הבלוק הראשון שלי 400 הבלוק הראשון שלי 400 הבלוק הראשון שלי 400 הבלוק הראשון שלי 400 הבלוק הראשון שלי 400 הבלוק הראשון שלי 400 הבלוק הראשון שלי 400 הבלוק הראשון שלי 400 הבלוק הראשון שלי 400 הבלוק הראשון שלי 400 הבלוק הראשון שלי 400 הבלוק הראשון שלי 400 הבלוק הראשון שלי 400 הבלוק הראשון שלי 400 הבלוק הראשון שלי 400 הבלוק הראשון שלי 400 הבלוק הראשון שלי 400 הבלוק הראשון שלי 400 הבלוק הראשון שלי 400 הבלוק הראשון שלי 400 הבלוק הראשון שלי 400 הבלוק הראשון שלי 400 הבלוק הראשון שלי 400הבל</p>\r\n<p>&nbsp;</p>\r\n<p>וק הראשון שלי 400 הבלוק הראשון שלי 400 הבלוק הראשון שלי 400הבלוק הראשון שלי 400הבלוק הראשון שלי 400 הבלוק הראשון שלי 400הבלוק הראשון שלי 400הבלוק הראשון שלי 400 הבלוק הראשון שלי 400 הבלוק הראשון שלי 400 הבלוק הראשון שלי 400 הבלוק הראשון שלי 400 הבלוק הראשון שלי 400 הבלוק הראשון שלי 400 הבלוק הראשון שלי 400הבלוק הראשון שלי 400 הבלוק הראשון שלי 400 הבלוק הראשון שלי 400 הבלוק הראשון שלי 400 הבלוק הראשון שלי 400 הבלוק הראשון שלי 400 הבלוק הראשון שלי 400הבלוק הראשון שלי 400 הבלוק הראשון שלי 400 הבלוק הראשון שלי 400 הבלוק הראשון שלי 400 הבלוק הראשון שלי 400 הבלוק הראשון שלי 400 הבלוק הראשון שלי 400 הבלוק הראשון שלי 400 הבלוק הראשון שלי 400 הבלוק הראשון שלי 400 הבלוק הראשון שלי 400 הבלוק הראשון שלי 400 הבלוק הראשון שלי 400 הבלוק הראשון שלי 400 הבלוק</p>\r\n<p>&nbsp;</p>\r\n<p>&nbsp;</p>\r\n<p>הראשון שלי 400 הבלוק הראשון שלי 400 הבלוק הראשון שלי 400 הבלוק הראשון שלי 400 הבלוק הראשון שלי 400 הבלוק הראשון שלי 400 הבלוק הראשון שלי 400 הבלוק הראשון שלי 400 הבלוק הראשון שלי 400 הבלוק הראשון שלי 400הבלוק הראשון שלי 400 הבלוק הראשון שלי 400 הבלוק הראשון שלי 400הבלוק הראשון שלי 400הבלוק הראשון שלי 400 הבלוק הראשון שלי 400הבלוק הראשון שלי 400הבלוק הראשון שלי 400 הבלוק הראשון שלי 400 הבלוק הראשון שלי 400 הבלוק הראשון שלי 400 הבלוק הראשון שלי 400 הבלוק הראשון שלי 400 הבלוק הראשון שלי 400 הבלוק הראשון שלי 400הבלוק הראשון שלי 400 הבלוק הראשון שלי</p>\r\n<p>&nbsp;</p>\r\n<p>&nbsp;400 הבלוק הראשון שלי 400 הבלוק הראשון שלי 400 הבלוק הראשון שלי 400 הבלוק הראשון שלי 400 הבלוק הראשון שלי 400הבלוק הראשון שלי 400 הבלוק הראשון שלי 400 הבלוק הראשון שלי 400 הבלוק הראשון שלי 400 הבלוק הראשון שלי 400 הבלוק הראשון שלי 400 הבלוק הראשון שלי 400 הבלוק הראשון שלי 400 הבלוק הראשון שלי 400</p>\r\n<p>הבלוק הראשון שלי 400 הבלוק הראשון שלי 400 הבלוק הראשון שלי 400 הבלוק הראשון שלי 400 הבלוק הראשון שלי 400 הבלוק הראשון שלי 400 הבלוק הראשון שלי 400 הבלוק הראשון שלי 400 הבלוק הראשון שלי 400 הבלוק הראשון שלי 400 הבלוק הראשון שלי 400 הבלוק הראשון שלי 400 הבלוק הראשון שלי 400 הבלוק הראשון שלי 400 הבלוק הראשון שלי 400הבלוק הראשון שלי 400 הבלוק הראשון שלי 400 הבלוק הראשון שלי 400הבלוק הראשון שלי 400הבלוק הראשון שלי 400 הבלוק הראשון שלי 400הבלוק הר</p>\r\n<p>&nbsp;</p>\r\n<p>אשון שלי 400הבלוק הראשון שלי 400 הבלוק הראשון שלי 400 הבלוק הראשון שלי 400 הבלוק הראשון שלי 400 הבלוק הראשון שלי 400 הבלוק הראשון שלי 400 הבלוק הראשון שלי 400 הבלוק הראשון שלי 400</p>', NULL, 1),
(8, 1, 12, 'dsfsdf s sd f', '<p>zxccas af afsd f</p>', NULL, 0),
(10, 1, 9, 'ccc', '<p><img src=\"http://mynewmvc.com/usites/domains/mynewmvc.com/public_html/assets/media/uploads/MaskGroup24_4.png\" alt=\"\" width=\"100%\" height=\"100%\"></p>\r\n<p>&nbsp;</p>', NULL, 7),
(11, 1, 9, 'בלה בלה בלה', '<p>hi</p>', NULL, 14),
(12, 1, 9, 'בלה בלה בלה', '<p dir=\"rtl\">שאלון אישי למשתתף בתכנית אישית/WORKING MEDITATION</p>\r\n<p><strong>&nbsp;</strong></p>\r\n<p dir=\"rtl\">נא להדפיס ו/או למלא בכתב יד קריא ובעט שחור. &nbsp;</p>\r\n<p dir=\"rtl\">השאלות מיועדות להיכרות עם כל מועמד המעוניין להגיע לאחת התכניות במרכז \"כאן ועכשיו\" ולבדיקת ההתאמה להשתתפות התוכנית .&nbsp;</p>\r\n<p dir=\"rtl\">קרא את השאלות בעיון, וענה עליהם בפירוט ובבהירות. אנא מסור מידע רב ככל האפשר. תשובותיך חסויות.&nbsp;</p>\r\n<p><strong>&nbsp;</strong></p>\r\n<p dir=\"rtl\">א. פרטים אישיים&nbsp;</p>\r\n<p><strong>&nbsp;</strong></p>\r\n<ol>\r\n<li dir=\"rtl\" aria-level=\"1\">\r\n<p dir=\"rtl\" role=\"presentation\">&nbsp;שם פרטי: &nbsp; &nbsp; ______יעקב________.</p>\r\n</li>\r\n<li dir=\"rtl\" aria-level=\"1\">\r\n<p dir=\"rtl\" role=\"presentation\">שם משפחה (נוכחי וקודם): ______אברהם__________.</p>\r\n</li>\r\n<li dir=\"rtl\" aria-level=\"1\">\r\n<p dir=\"rtl\" role=\"presentation\">גיל: ______42_____</p>\r\n</li>\r\n<li dir=\"rtl\" aria-level=\"1\">\r\n<p dir=\"rtl\" role=\"presentation\">כתובת מגורים נוכחית:&nbsp; ________פרץ י.ל 29 באר שבע__________.</p>\r\n</li>\r\n<li dir=\"rtl\" aria-level=\"1\">\r\n<p dir=\"rtl\" role=\"presentation\">האם אתה נשוי ?&nbsp; _לא_; אם כן, כמה פעמים, כמה זמן? &nbsp; ______________________________.</p>\r\n</li>\r\n<li dir=\"rtl\" aria-level=\"1\">\r\n<p dir=\"rtl\" role=\"presentation\">האם יש לך ילדים? _לא_; אם כן, כמה בנים וכמה בנות, ומה גילם?&nbsp; ______________________________.</p>\r\n</li>\r\n<li dir=\"rtl\" aria-level=\"1\">\r\n<p dir=\"rtl\" role=\"presentation\">מקצועך/עיסוקך כעת: _______מתכנת אנטרנט__________.</p>\r\n</li>\r\n</ol>\r\n<p dir=\"rtl\">מקצועות/עיסוקים קודמים/נוספים: _____סאונדמן, מוסיקאי_________.</p>\r\n<ol start=\"8\">\r\n<li dir=\"rtl\" aria-level=\"1\">\r\n<p dir=\"rtl\" role=\"presentation\">השכלה/רקע לימודי:&nbsp; _______הנדסאי קול_____________________.</p>\r\n</li>\r\n<li dir=\"rtl\" aria-level=\"1\">\r\n<p dir=\"rtl\" role=\"presentation\">דת: ____יהודי_____</p>\r\n</li>\r\n<li dir=\"rtl\" aria-level=\"1\">\r\n<p dir=\"rtl\" role=\"presentation\">האם שרתת בצבא? _כן_;&nbsp;</p>\r\n</li>\r\n</ol>\r\n<p dir=\"rtl\">אם כן - כמה זמן, ובאיזה תפקיד? ___3 שנים, לוחם נח\"ל_____.</p>\r\n<p dir=\"rtl\">אם לא - מאיזו סיבה? &nbsp; __________________________.</p>\r\n<p dir=\"rtl\">&nbsp;</p>\r\n<p dir=\"rtl\">ב. רקע בעבודת מודעות</p>\r\n<p dir=\"rtl\">&nbsp;</p>\r\n<ol>\r\n<li dir=\"rtl\" aria-level=\"1\">\r\n<p dir=\"rtl\" role=\"presentation\">האם יש לך ניסיון בעבודת מודעות, מדיטציה וכד? ___כן_____</p>\r\n</li>\r\n</ol>\r\n<p dir=\"rtl\">אם כן, נא פרט (סדנאות, תהליכים אישיים, סוג מדיטציות) ___תרגול מדיטציית ויפאסנה על בסיס יומיומי, יוגה(לפעמים), ריברסינג ועוד..____</p>\r\n<ol start=\"2\">\r\n<li dir=\"rtl\" aria-level=\"1\">\r\n<p dir=\"rtl\" role=\"presentation\">האם השתתפת בעבר בתכניות מסוג זה בארץ? בעולם? נא פרט- איפה, במשך כמה זמן ואיך הייתה החוויה עבורך. _______הייתי ב10 ימים ויפאסנה בדגניה ב\'. ______________________</p>\r\n</li>\r\n</ol>\r\n<p dir=\"rtl\">&nbsp;</p>\r\n<p dir=\"rtl\">&nbsp;</p>\r\n<p dir=\"rtl\">ג. רקע בריאותי</p>\r\n<p dir=\"rtl\">&nbsp;</p>\r\n<ol>\r\n<li dir=\"rtl\" aria-level=\"1\">\r\n<p dir=\"rtl\" role=\"presentation\">האם מצבך הבריאותי תקין? _כן_ אם לא, נא פרט: _____________________________________________________________</p>\r\n</li>\r\n<li dir=\"rtl\" aria-level=\"1\">\r\n<p dir=\"rtl\" role=\"presentation\">האם קיימות הגבלות פיזיות ואו נפשיות כלשהן?&nbsp; &nbsp; _לא__&nbsp; &nbsp; &nbsp; &nbsp; &nbsp; &nbsp; אם כן, נא פרט. __________________________________________________________________________________________________________________________</p>\r\n</li>\r\n<li dir=\"rtl\" aria-level=\"1\">\r\n<p dir=\"rtl\" role=\"presentation\">האם אתה נוטל תרופות כל שהן על בסיס קבוע?&nbsp; &nbsp; _לא_ &nbsp; &nbsp; &nbsp; אם כן, נא פרט (איזה תרופות, במשך כמה זמן) __________________________________________________________________________________________________________________________</p>\r\n</li>\r\n</ol>\r\n<p dir=\"ltr\">&nbsp;</p>\r\n<p dir=\"rtl\">&nbsp;</p>\r\n<ol start=\"4\">\r\n<li dir=\"rtl\" aria-level=\"1\">\r\n<p dir=\"rtl\" role=\"presentation\">האם יש לך היסטוריה של בעיות/מחלות פיזיות ואו נפשיות? _לא_&nbsp; &nbsp; &nbsp; &nbsp; אם כן, תאר בקצרה: _______________________________________________________________________________________________________________________________________________________________________________________</p>\r\n</li>\r\n<li dir=\"rtl\" aria-level=\"1\">\r\n<p dir=\"rtl\" role=\"presentation\">האם אתה חולה או סובל ממחלות רציניות לעיתים קרובות?&nbsp; לא__________________________________________________________________________________________________________________________</p>\r\n</li>\r\n<li dir=\"rtl\" aria-level=\"1\">\r\n<p dir=\"rtl\" role=\"presentation\">האם אתה אלרגי לאוכל או חומר מסוים? ___ נא פרט: לא שידוע לי_____________________________________________________________</p>\r\n</li>\r\n<li dir=\"rtl\" aria-level=\"1\">\r\n<p dir=\"rtl\" role=\"presentation\">האם אתה מעשן סיגריות? ___לא_&nbsp; &nbsp; &nbsp; &nbsp; אם כן, באיזו תדירות? _____________________________________________________________</p>\r\n</li>\r\n<li dir=\"rtl\" aria-level=\"1\">\r\n<p dir=\"rtl\" role=\"presentation\">האם אתה מעשן סמים? _לא___ &nbsp; &nbsp; &nbsp; אם כן, באיזו תדירות? _____________________________________________________________</p>\r\n</li>\r\n<li dir=\"rtl\" aria-level=\"1\">\r\n<p dir=\"rtl\" role=\"presentation\">האם אתה נוטל סמים אחרים? _לא___&nbsp; &nbsp; &nbsp; &nbsp; אם כן, איזה סוג ובאיזו תדירות? _____________________________________________________________</p>\r\n</li>\r\n<li dir=\"rtl\" aria-level=\"1\">\r\n<p dir=\"rtl\" role=\"presentation\">האם אתה שותה אלכוהול על בסיס קבוע? _לא__&nbsp; &nbsp; &nbsp; &nbsp; אם כן, באיזו תדירות? _____________________________________________________________</p>\r\n</li>\r\n<li dir=\"rtl\" aria-level=\"1\">\r\n<p dir=\"rtl\" role=\"presentation\">האם אתה נוטל סמים או אלכוהול עד למצב של אובדן הכרה?&nbsp; לא&nbsp; &nbsp; _________________________________________________________</p>\r\n</li>\r\n<li dir=\"rtl\" aria-level=\"1\">\r\n<p dir=\"rtl\" role=\"presentation\">האם יש לך היסטוריה של התמכרויות לסמים, אלכוהול, תרופות, הימורים, אוכל?___ אם כן, תאר בקצרה: ________סיגריות - עישנתי בעבר_______________________________________________________________________________________________________________________________________________________________________________</p>\r\n</li>\r\n</ol>\r\n<p dir=\"ltr\">&nbsp;</p>\r\n<p dir=\"rtl\">ד. רקע נפשי</p>\r\n<p dir=\"rtl\">&nbsp;</p>\r\n<ol>\r\n<li dir=\"rtl\" aria-level=\"1\">\r\n<p dir=\"rtl\" role=\"presentation\">האם אתה בטיפול פסיכיאטרי? __לא__ &nbsp; &nbsp; אם כן, במשך כמה זמן? איזה סוג של טיפול? מי הרופא המלווה? האם הטיפול כולל מפגשים עם הפסיכיאטר ואו פסיכולוג ?&nbsp; באיזו תדירות? איזה קשיים/תופעות מלוות את הטיפול?</p>\r\n</li>\r\n</ol>\r\n<p dir=\"rtl\">_________________________________________________________________________________________________________________________________________________________________________________________________________________________________________________________________________________________________________________</p>\r\n<ol start=\"2\">\r\n<li dir=\"rtl\" aria-level=\"1\">\r\n<p dir=\"rtl\" role=\"presentation\">אם ענית \"כן\" על סעיף 1:</p>\r\n</li>\r\n</ol>\r\n<ul>\r\n<li dir=\"rtl\" aria-level=\"1\">\r\n<p dir=\"rtl\" role=\"presentation\">נא בבקשה לצרף אישור השתתפות בתכנית כזאת מהרופא המלווה.&nbsp;</p>\r\n</li>\r\n<li dir=\"rtl\" aria-level=\"1\">\r\n<p dir=\"rtl\" role=\"presentation\">מספר טלפון משני קרובי משפחה איתם אפשר ליצור קשר במקרה הצורך ו/או לבירורים: &nbsp; &nbsp; &nbsp; &nbsp; &nbsp;&nbsp;&nbsp;&nbsp;&nbsp;&nbsp;&nbsp;</p>\r\n</li>\r\n<li dir=\"rtl\" aria-level=\"1\">\r\n<p dir=\"rtl\" role=\"presentation\">&nbsp;שם: ________________ קרבה משפחתית: _________טל:___________&nbsp;</p>\r\n</li>\r\n<li dir=\"rtl\" aria-level=\"1\">\r\n<p dir=\"rtl\" role=\"presentation\">שם: ________________ קרבה משפחתית: _________ טל: ___________</p>\r\n</li>\r\n</ul>\r\n<ol start=\"3\">\r\n<li dir=\"rtl\" aria-level=\"1\">\r\n<p dir=\"rtl\" role=\"presentation\">האם יש לך היסטוריה של בעיות פסיכיאטריות/פסיכולוגיות/רגשיות? _לא__&nbsp; &nbsp; אם כן, במשך&nbsp; כמה זמן? נא לפרט: _______________________________________________________________________________________________________________________________________________________________________________________</p>\r\n</li>\r\n</ol>\r\n<p dir=\"rtl\">&nbsp;</p>\r\n<p dir=\"rtl\">ה. על התכנית:</p>\r\n<ol>\r\n<li dir=\"rtl\" aria-level=\"1\">\r\n<p dir=\"rtl\" role=\"presentation\">לכמה זמן אתה מתכנן להגיע למרכז \"כאן ועכשיו\"? (מינימום זמן השתתפות הוא שבועיים) ______לשבועיים, עם אפשרות להאריך לחודש_________________________________&nbsp;</p>\r\n</li>\r\n</ol>\r\n<p><strong>&nbsp;</strong></p>\r\n<ol start=\"2\">\r\n<li dir=\"rtl\" aria-level=\"1\">\r\n<p dir=\"rtl\" role=\"presentation\">מה היית רוצה לקבל מתהליך זה? &nbsp;</p>\r\n</li>\r\n</ol>\r\n<p dir=\"rtl\">____איזון, פוקוס, חזון לעתיד, נוכחות..___________________________________________________________________________________________________________________________________________________________________________________</p>\r\n<ol start=\"3\">\r\n<li dir=\"rtl\" aria-level=\"1\">\r\n<p dir=\"rtl\" role=\"presentation\">מה היית רוצה לשנות בחייך?&nbsp;</p>\r\n</li>\r\n</ol>\r\n<p dir=\"rtl\">_____הייתי רוצה להפתח יותר לסביבה, להאמין בעצמי ולנצל הזדמנויות שבאות בביטחון..__________________________________________________________________________________________________________________________________________________________________________________</p>\r\n<ol start=\"4\">\r\n<li dir=\"rtl\" aria-level=\"1\">\r\n<p dir=\"rtl\" role=\"presentation\">האם יש משהו שיכול לעצור ו/או להגביל את השתתפותך בתכנית?&nbsp;</p>\r\n</li>\r\n</ol>\r\n<p dir=\"rtl\">__לא__________________________________________________________________________________________________________________________________________________________________________________________________________________________________________________</p>\r\n<ol start=\"5\">\r\n<li dir=\"rtl\" aria-level=\"1\">\r\n<p dir=\"rtl\" role=\"presentation\">האם יש משהו נוסף שהיית רוצה שצוות כאן ועכשיו ידע? ___________________________________________________________________________________________________________________________________________________________________________________________________________________________________________________</p>\r\n</li>\r\n</ol>\r\n<p><strong>&nbsp;</strong></p>\r\n<p dir=\"rtl\">הצהרה ופטור מאחריות</p>\r\n<p dir=\"rtl\">אנא קרא בעיון, וחתום.</p>\r\n<p dir=\"rtl\">אני מודע ויודע כי התהליך הינו אינטנסיבי בכל הרמות (כולל פיזית ורגשית) ויכול להעמיד אותי במצבים רגשיים ופיזיים קיצוניים.&nbsp;</p>\r\n<p dir=\"rtl\">אני מצהיר שיש לי את היכולת (הפיזית והרגשית), הנכונות, המחויבות, וההסכמה להשתתף בתהליך, מתוך הבנה שיש לי את הבחירה בכל עת להפסיק את השתתפותי בתכנית, בתהליך, וזו תהייה החלטה ואחריות מלאה שלי.&nbsp;</p>\r\n<p dir=\"rtl\">אני פוטר מכל אחריות את צוות כאן ועכשיו לגבי כל נזק ו/או פגיעה שעלולים להיגרם לי (כולל ברמה הפיזית והרגשית ) במהלך התכנית ו/או לאחריה.</p>\r\n<p dir=\"rtl\">אני לוקח אחריות מלאה על התהליך שלי בתכנית כולל כל נזק ואו פגיעה שעלולים להיגרם לי במהלך התכנית ו/או בתקופה שלאחר התכנית.&nbsp;</p>\r\n<p><strong>&nbsp;</strong></p>\r\n<p dir=\"rtl\">שם מלא _________יעקב אברהם______________&nbsp; &nbsp; תאריך _______17.08.2020__________&nbsp; &nbsp; &nbsp; חתימה _______________________.</p>\r\n<p>&nbsp;</p>', 'nice-cube', 1),
(13, 1, 9, 'בלה בלה בלה', '<p>hi dsdf במקום שתהיה טוב אתה מצצצויייןןןן!!!!</p>\r\n<p>&nbsp;</p>\r\n<p>&nbsp;</p>', 'c-block', 6),
(14, 1, 9, 'בלה בלה בלה', '<p>hi dsdf במקום שתהיה טוב</p>\r\n<p>אתה מצצצויייןןןן!!!!</p>\r\n<h2>אני מרגיש יותר טוב</h2>\r\n<p>&nbsp;</p>', 'c-block', 8),
(15, 1, 9, 'בלה בלה בלה', '<p style=\"text-align: center;\">hi dsdf במקום שתהיה טוב</p>\r\n<p style=\"text-align: center;\">אתה מצצצויייןןןן!!!!</p>\r\n<h2 style=\"text-align: center;\">אני מרגיש יותר טוב</h2>\r\n<p>&nbsp;</p>', 'c-block', 9),
(16, 1, 9, 'בלה בלה בלה', '<p style=\"text-align: center;\">hi dsdf במקום שתהיה טוב</p>\r\n<p style=\"text-align: center;\">אתה מצצצויייןןןן!!!!</p>\r\n<h2 style=\"text-align: center;\">אני מרגיש יותר טוב</h2>\r\n<p style=\"text-align: center;\">&nbsp;</p>', 'c-block', 10),
(17, 1, 9, 'בלה בלה בלה', '<p style=\"text-align: left;\">hi dsdf במקום שתהיה טוב</p>\r\n<p>אתה מצצצויייןןןן!!!!</p>\r\n<h2>אני מרגיש יותר טוב</h2>\r\n<p>&nbsp;</p>', 'c-block', 11),
(18, 1, 9, 'בלה בלה בלה', '<p style=\"text-align: left;\">hi dsdf במקום שתהיה טוב</p>\r\n<p>אתה מצצצויייןןןן!!!!</p>\r\n<h2>אני מרגיש יותר טוב</h2>\r\n<p>&nbsp;</p>\r\n<p>מה לגביי זהה???</p>\r\n<p>&nbsp;</p>', 'c-block', 12),
(19, 1, 9, 'בלה בלה בלה', '<p>hi dsdf במקום שתהיה טוב</p>\r\n<p>&nbsp;גדגכד&nbsp; דג אתה מצצצויייןןןן!!!!</p>\r\n<h2>אני מרגיש יותר טוב</h2>\r\n<p>&nbsp;</p>', 'c-block', 13),
(20, 1, 9, 'הבלוק הרטשון שלי', '<p><img src=\"http://mynewmvc.com/usites/domains/mynewmvc.com/public_html/assets/media/uploads/MaskGroup24_4.png\" alt=\"\" width=\"1600\" height=\"597\"></p>\r\n<p>&nbsp;</p>\r\n<p>HI HOW ARE YOU!!!</p>', 'c-block', 5),
(21, 1, 9, 'בלה בלה בלה', '<p>2023-01-12</p>\r\n<p>&nbsp;</p>\r\n<p>&nbsp;</p>\r\n<p>🏃&zwj;♀️👩&zwj;🚒</p>\r\n<p><img src=\"http://mynewmvc.com/usites/domains/mynewmvc.com/public_html/assets/media/uploads/MaskGroup24_3.png\" alt=\"\" width=\"1017\" height=\"379\"></p>\r\n<p>&nbsp;</p>', 'c-block', 2),
(22, 1, 9, 'תמונה', '<p><img src=\"http://mynewmvc.com/usites/domains/mynewmvc.com/public_html/assets/media/uploads/MaskGroup24_3.png\" alt=\"\" width=\"1600\" height=\"597\"></p>\r\n<p>&nbsp;</p>', 'c-block', 3),
(23, 1, 12, 'ררר', '<p>טטט יייי , ייכ \' טו וטוטאוטאו\'&nbsp; וטוטא וא<img src=\"http://mynewmvc.com/usites/domains/mynewmvc.com/public_html/assets/media/uploads/mceclip0_1.png\"></p>', 'c-block', 0),
(24, 2, 15, 'שמש טובה', '<p>שמש טובהשמש טובה שמש טובה שמש טובה שמש טובה שמש טובה שמש טובה</p>', 'c-block', 0),
(25, 2, 16, 'ירח מלא', '<p>ירח מלאירח מלאירח מלא ירח מלא ירח מלא ירח מלא ירח מלא ירח מלא</p>', 'c-block', 0),
(26, 2, 17, 'עונות השנה', '<p>עונות השנה עונות השנה עונות השנה עונות השנה עונות השנה&nbsp;</p>', 'c-block', 0),
(27, 2, 18, 'קיץ', '', 'c-block', 0),
(28, 2, 19, 'חורף', '<p>חורף חורף חורף חורף חורף</p>', 'c-block', 0),
(29, 2, 20, 'סתיו', '<p>סתיוסתיו סתיו סתיו סתיו סתיו</p>', 'c-block', 0),
(30, 2, 21, 'אביב', '<p>אביב אביב אביב</p>', 'c-block', 0),
(31, 2, 27, '4', '<h1>היי כאן זה דף הבית</h1>', 'c-block', 0),
(32, 2, 22, 'מזהה ראשון', '<h3 style=\"text-align: center;\">כמה עולה חבילות תקשורת?</h3>\r\n<p>&nbsp;</p>\r\n<p><img style=\"display: block; margin-left: auto; margin-right: auto;\" src=\"https://xn--8dbacwhj3a.co.il/upload_pics/Image/%D7%9B%D7%9E%D7%94%D7%A2%D7%95%D7%9C%D7%94/price4u/%D7%9B%D7%9E%D7%94-%D7%A2%D7%95%D7%9C%D7%94.png\" alt=\"כמה עולה\"></p>\r\n<p>&nbsp;</p>\r\n<p>כמה עולה להצטרף להוט? כמה עולה להצטרף ליס? כמה עולה להצטרף לבזק? למי יש את תוכניות הטלוויזיה הכי טובות? יס, הוט או סטינג טיוי? איזה מסלולים הכי אטרקטיביים? תשתית של בזק בינלאומי או תשתית של הוט?</p>\r\n<p>&nbsp;</p>\r\n<p>ברוכים הבאים לאתר כמה עולה, ריכזנו עבורכם בתחתית הדף מחירון מלא ומעודכן עבור חבילות תקשורת, אינטרנט, טלוויזיה ומדריכי צרכנות נבונה שיעזרו לכם לקבל החלטות שמתאימות לכם, ניתן גם להתייעץ איתנו טלפונית או להשאיר פרטים בטופס קבל הצעת מחיר בקליק.</p>', 'c-block', 0),
(33, 2, 22, '', '<h3>מבצעי מסלולים חברות אינטרנט וטלוויזיה לשנת 2023, מחירון מתעדכן כל חודש.</h3>\r\n<p>&nbsp;</p>\r\n<p><strong>כל חבילות הטלוויזיה והאינטרנט, כל המסלולים וכל המחירים של כל החברות! בדוק, השווה והצטרף בקליק!</strong></p>\r\n<p>&nbsp;</p>', 'c-block', 0),
(34, 2, 22, '', '<p><img style=\"display: block; margin-left: auto; margin-right: auto;\" src=\"http://love.com/usites/domains/love.com/public_html/assets/media/uploads/rbanner.png\" alt=\"\" width=\"480\" height=\"480\"></p>', 'c-block', 0),
(35, 2, 22, '', '<p><img style=\"float: left;\" src=\"http://love.com/usites/domains/love.com/public_html/assets/media/uploads/kama.png\" alt=\"\" width=\"280\" height=\"250\"></p>', 'c-block', 0),
(36, 2, 22, '', '<h2>כמה כמה כמה כמה כמה כמה כמה</h2>', 'c-block', 0),
(39, 2, 24, '', '<p>בודק נשמה</p>', 'c-block', 0),
(40, 2, 9, '', '<p>היי היי</p>', 'c-block', 2),
(42, 2, 25, 'dddd', '<p>&nbsp;dssdfs</p>', 'c-block', 0);

-- --------------------------------------------------------

--
-- Table structure for table `content_pages`
--

CREATE TABLE `content_pages` (
  `id` int NOT NULL,
  `site_id` int NOT NULL,
  `title` varchar(80) NOT NULL,
  `link` varchar(80) NOT NULL,
  `description` text,
  `content` text NOT NULL,
  `meta_title` varchar(80) NOT NULL,
  `right_banner` varchar(32) DEFAULT NULL
) ENGINE=InnoDB DEFAULT CHARSET=utf8mb4 COLLATE=utf8mb4_general_ci;

--
-- Dumping data for table `content_pages`
--

INSERT INTO `content_pages` (`id`, `site_id`, `title`, `link`, `description`, `content`, `meta_title`, `right_banner`) VALUES
(9, 2, 'סתם סתם', 'סתם סתם', '', '', 'שוקו שוקו שוקו שוקו ', 'r_banner_9.png'),
(10, 2, 'בוא תראה איזה מגניב זה', 'דף-ראשון', '', '', 'שוקו שוקו שוקו שוקו ', 'r_banner_10.png'),
(11, 2, 'שוקו שוקו ', 'שוקו שוקו שוקו שוקו ', 'שוקו שוקו שוקו שוקו שוקו שוקו שוקו שוקו שוקו שוקו שוקו שוקו ', 'שוקו שוקו שוקו שוקו שוקו שוקו ', 'שוקו שוקו שוקו שוקו ', ''),
(12, 1, 'בוא תראה איזה מגניב זה', 'שוקו שוקו', 'sdfsdf', '', 'שוקו שוקו שוקו שוקו ', ''),
(14, 1, 'sss', '', '', '', 'xxx', ''),
(15, 2, 'שמש טובה', 'שמש טובה', 'שמש טובה שמש טובה שמש טובה שמש טובה', '', 'שמש טובה', ''),
(16, 2, 'ירח מלא', 'ירח מלא', 'ירח מלא', '', 'ירח מלא', 'r_banner_16.png'),
(17, 2, 'עונות השנה', 'עונות השנה', 'עונות השנהעונות השנה', '', 'עונות השנה', ''),
(18, 2, 'קיץ', 'קיץ בא לי טוב \' כן יש פה פסיק', 'יש לי ציאור גדול על \' מה שקורה\r\nאם זה קורה אז יופי ', '', 'קיץ \"קיץ\" כן הוא', ''),
(19, 2, 'חורף', 'חורף חורף', '', '', 'חורף', ''),
(20, 2, 'סתיו', 'סתיו סתיו סתיו', '', '', 'סתיו', ''),
(21, 2, 'אביב', 'אביב אביב', 'אביב', '', 'אביב', ''),
(22, 2, 'חגי תשרי', 'חגי תשרי', 'חגי תשרי', '', 'חגי תשרי', 'r_banner_22.png'),
(23, 2, 'ראש השנה', 'ראש השנה', 'ראש השנה', '', 'ראש השנה', 'r_banner_23.png'),
(24, 2, 'סוכות', 'סוכות', 'סוכות', '', 'סוכות', ''),
(25, 2, 'יום כיפור', 'יום כיפור', '', '', 'יום כיפור', ''),
(26, 2, 'בדיקה', 'בדיקהבדיקה בדיקה', '', '', 'בדיקה', ''),
(27, 2, 'דף הבית', '---', '', '', 'דף הבית', 'r_banner_27.png'),
(28, 2, 'עורכי דין', 'עורכי דין', '', '', 'עורכי דין', ''),
(29, 2, 'הובלות', 'הובלות', '', '', 'הובלות', ''),
(30, 2, 'הובלות גדולות', 'הובלות גדולות', '', '', 'הובלות גדולות', ''),
(31, 2, 'הובלת רכבים', 'הובלת רכבים', '', '', 'הובלת רכבים', '');

-- --------------------------------------------------------

--
-- Table structure for table `info_stam`
--

CREATE TABLE `info_stam` (
  `id` int NOT NULL,
  `info_name` varchar(32) DEFAULT NULL,
  `info_data` varchar(32) DEFAULT NULL,
  `more_info` text
) ENGINE=InnoDB DEFAULT CHARSET=utf8mb4 COLLATE=utf8mb4_general_ci;

--
-- Dumping data for table `info_stam`
--

INSERT INTO `info_stam` (`id`, `info_name`, `info_data`, `more_info`) VALUES
(1, ':2222', 'H*x5WAq6Z7@$', 'ilbiz4.spd.co.il...'),
(3, 'ilan123_ilbiz', 'AV5AygKtUM', NULL);

-- --------------------------------------------------------

--
-- Table structure for table `login_trace`
--

CREATE TABLE `login_trace` (
  `id` int NOT NULL,
  `user_id` int NOT NULL,
  `session_id` varchar(32) NOT NULL,
  `ip` varchar(32) NOT NULL,
  `sms_code` varchar(32) DEFAULT NULL,
  `login_time` datetime NOT NULL,
  `session_exp` datetime DEFAULT NULL,
  `reset_pass_token` varchar(32) DEFAULT NULL
) ENGINE=InnoDB DEFAULT CHARSET=utf8mb4 COLLATE=utf8mb4_general_ci;

--
-- Dumping data for table `login_trace`
--

INSERT INTO `login_trace` (`id`, `user_id`, `session_id`, `ip`, `sms_code`, `login_time`, `session_exp`, `reset_pass_token`) VALUES
(1, 1, '127303031', '127.0.0.1', NULL, '2022-12-14 10:57:23', NULL, NULL),
(2, 1, '127303031', '127.0.0.1', NULL, '2022-12-14 11:42:40', NULL, NULL),
(3, 1, '127303031', '127.0.0.1', '123456', '2022-12-14 11:45:17', NULL, NULL),
(4, 1, '127303031', '127.0.0.1', '123456', '2022-12-14 11:47:45', NULL, NULL),
(5, 1, '1273030311671011486', '127.0.0.1', '123456', '2022-12-14 11:51:26', NULL, NULL),
(6, 1, '1273030311671013156', '127.0.0.1', '123456', '2022-12-14 12:19:16', NULL, NULL),
(7, 1, '1273030311671020301', '127.0.0.1', '59096', '2022-12-14 14:18:21', NULL, NULL),
(8, 1, '1273030311671021153', '127.0.0.1', '79382', '2022-12-14 14:32:33', NULL, NULL),
(9, 1, '1273030311671021170', '127.0.0.1', '72144', '2022-12-14 14:32:50', NULL, NULL),
(10, 1, '1273030311671025147', '127.0.0.1', '61838', '2022-12-14 15:39:07', NULL, NULL),
(11, 1, '1273030311671025367', '127.0.0.1', '58413', '2022-12-14 15:42:47', NULL, NULL),
(12, 1, '1273030311671025554', '127.0.0.1', '32375', '2022-12-14 15:45:54', NULL, NULL),
(13, 1, '1273030311671025643', '127.0.0.1', '57001', '2022-12-14 15:47:23', NULL, NULL),
(14, 1, '1273030311671025662', '127.0.0.1', '27452', '2022-12-14 15:47:42', NULL, NULL),
(15, 1, '1273030311671025818', '127.0.0.1', '47542', '2022-12-14 15:50:18', NULL, NULL),
(16, 1, '1273030311671025872', '127.0.0.1', '41132', '2022-12-14 15:51:12', NULL, NULL),
(17, 1, '1273030311671035480', '127.0.0.1', '56812', '2022-12-14 18:31:20', NULL, NULL),
(18, 1, '1273030311671035748', '127.0.0.1', '94939', '2022-12-14 18:35:48', NULL, NULL),
(19, 1, '1273030311671035770', '127.0.0.1', '53625', '2022-12-14 18:36:10', NULL, NULL),
(20, 1, '1273030311671035775', '127.0.0.1', '24647', '2022-12-14 18:36:15', NULL, NULL),
(21, 1, '1273030311671035798', '127.0.0.1', '72624', '2022-12-14 18:36:38', NULL, NULL),
(22, 1, '1273030311671035803', '127.0.0.1', '40031', '2022-12-14 18:36:43', NULL, NULL),
(23, 1, '1273030311671035831', '127.0.0.1', '61555', '2022-12-14 18:37:11', NULL, NULL),
(24, 1, '1273030311671035842', '127.0.0.1', '77256', '2022-12-14 18:37:22', NULL, NULL),
(25, 1, '1273030311671036204', '127.0.0.1', '', '2022-12-14 18:43:24', NULL, NULL),
(26, 1, '1273030311671037227', '127.0.0.1', '', '2022-12-14 19:00:27', NULL, NULL),
(27, 1, '1273030311671037289', '127.0.0.1', '67000', '2022-12-14 19:01:29', NULL, NULL),
(28, 1, '1273030311671088354', '127.0.0.1', '82224', '2022-12-15 09:12:34', NULL, NULL),
(29, 1, '1273030311671091148', '127.0.0.1', '', '2022-12-15 09:59:08', NULL, NULL),
(30, 1, '1273030311671094423', '127.0.0.1', '', '2022-12-15 10:53:43', NULL, NULL),
(31, 1, '1273030311671100761', '127.0.0.1', '', '2022-12-15 12:39:21', NULL, NULL),
(32, 1, '1273030311671127509', '127.0.0.1', '', '2022-12-15 20:05:09', NULL, NULL),
(33, 1, '1273030311671344860', '127.0.0.1', '', '2022-12-18 08:27:40', NULL, NULL),
(34, 1, '1273030311671344940', '127.0.0.1', '', '2022-12-18 08:29:00', NULL, NULL),
(35, 1, '1273030311671346861', '127.0.0.1', '', '2022-12-18 09:01:01', NULL, NULL),
(36, 1, '1273030311671356256', '127.0.0.1', '', '2022-12-18 11:37:36', NULL, NULL),
(37, 1, '1273030311671357837', '127.0.0.1', '', '2022-12-18 12:03:57', NULL, NULL),
(38, 1, '1273030311671358279', '127.0.0.1', '', '2022-12-18 12:11:19', NULL, NULL),
(39, 1, '1273030311671371347', '127.0.0.1', '59616', '2022-12-18 15:49:07', NULL, NULL),
(40, 1, '1273030311671371463', '127.0.0.1', '', '2022-12-18 15:51:03', NULL, NULL),
(41, 1, '1273030311671964475', '127.0.0.1', '', '2022-12-25 12:34:35', NULL, NULL),
(42, 1, '1273030311672310193', '127.0.0.1', '', '2022-12-29 12:36:33', NULL, NULL),
(43, 1, '1273030311672313118', '127.0.0.1', '', '2022-12-29 13:25:18', NULL, NULL),
(44, 1, '1273030311672335588', '127.0.0.1', '', '2022-12-29 19:39:48', NULL, NULL),
(45, 1, '1273030311672338459', '127.0.0.1', '', '2022-12-29 20:27:39', NULL, NULL),
(46, 1, '1273030311672342140', '127.0.0.1', '', '2022-12-29 21:29:00', NULL, NULL),
(47, 1, '1273030311672385267', '127.0.0.1', '', '2022-12-30 09:27:47', NULL, NULL),
(48, 1, '1273030311672391732', '127.0.0.1', '', '2022-12-30 11:15:32', NULL, NULL),
(49, 1, '1273030311672393026', '127.0.0.1', '', '2022-12-30 11:37:06', NULL, NULL),
(50, 1, '1273030311672394623', '127.0.0.1', '', '2022-12-30 12:03:43', NULL, NULL),
(51, 1, '1273030311672394867', '127.0.0.1', '', '2022-12-30 12:07:47', NULL, NULL),
(52, 1, '1273030311672394941', '127.0.0.1', '', '2022-12-30 12:09:01', NULL, NULL),
(53, 1, '1273030311672395481', '127.0.0.1', '', '2022-12-30 12:18:01', NULL, NULL),
(54, 1, '1273030311672395704', '127.0.0.1', '', '2022-12-30 12:21:44', NULL, NULL),
(55, 1, '1273030311672399956', '127.0.0.1', '', '2022-12-30 13:32:36', NULL, NULL),
(56, 1, '1273030311672403147', '127.0.0.1', '', '2022-12-30 14:25:47', NULL, NULL),
(57, 1, '1273030311672409041', '127.0.0.1', '', '2022-12-30 16:04:01', NULL, NULL),
(58, 1, '1273030311672409076', '127.0.0.1', '', '2022-12-30 16:04:36', NULL, NULL),
(59, 1, '1273030311672410137', '127.0.0.1', '', '2022-12-30 16:22:17', NULL, NULL),
(60, 1, '1273030311672415263', '127.0.0.1', '', '2022-12-30 17:47:43', NULL, NULL),
(61, 1, '1273030311672426707', '127.0.0.1', '', '2022-12-30 20:58:27', NULL, NULL),
(62, 1, '1273030311672426863', '127.0.0.1', '', '2022-12-30 21:01:03', NULL, NULL),
(63, 1, '1273030311672486035', '127.0.0.1', '', '2022-12-31 13:27:15', NULL, NULL),
(64, 1, '1273030311672492633', '127.0.0.1', '', '2022-12-31 15:17:13', NULL, NULL),
(65, 1, '1273030311672498094', '127.0.0.1', '', '2022-12-31 16:48:14', NULL, NULL),
(66, 1, '1273030311672509910', '127.0.0.1', '', '2022-12-31 20:05:10', NULL, NULL),
(67, 1, '1273030311672567146', '127.0.0.1', '', '2023-01-01 11:59:06', NULL, NULL),
(68, 1, '1273030311672570602', '127.0.0.1', '', '2023-01-01 12:56:42', NULL, NULL),
(69, 1, '1273030311672571738', '127.0.0.1', '', '2023-01-01 13:15:38', NULL, NULL),
(70, 1, '1273030311672573870', '127.0.0.1', '', '2023-01-01 13:51:10', NULL, NULL),
(71, 1, '1273030311672575380', '127.0.0.1', '', '2023-01-01 14:16:20', NULL, NULL),
(72, 1, '1273030311672577154', '127.0.0.1', '', '2023-01-01 14:45:54', NULL, NULL),
(73, 1, '1273030311672577846', '127.0.0.1', '', '2023-01-01 14:57:26', NULL, NULL),
(74, 1, '1273030311672643892', '127.0.0.1', '', '2023-01-02 09:18:12', NULL, NULL),
(75, 1, '1273030311672643926', '127.0.0.1', '', '2023-01-02 09:18:46', NULL, NULL),
(76, 1, '1273030311672652158', '127.0.0.1', '', '2023-01-02 11:35:58', NULL, NULL),
(77, 1, '1273030311672658058', '127.0.0.1', '', '2023-01-02 13:14:18', NULL, NULL),
(78, 1, '1273030311672667217', '127.0.0.1', '', '2023-01-02 15:46:57', NULL, NULL),
(79, 1, '1273030311672673794', '127.0.0.1', '', '2023-01-02 17:36:34', NULL, NULL),
(80, 1, '1273030311672682086', '127.0.0.1', '', '2023-01-02 19:54:46', NULL, NULL),
(81, 1, '1273030311672682797', '127.0.0.1', '', '2023-01-02 20:06:37', NULL, NULL),
(82, 1, '1273030311672729189', '127.0.0.1', '', '2023-01-03 08:59:49', NULL, NULL),
(83, 1, '1273030311672741365', '127.0.0.1', '', '2023-01-03 12:22:45', NULL, NULL),
(84, 1, '1273030311672744301', '127.0.0.1', '', '2023-01-03 13:11:41', NULL, NULL),
(85, 1, '1273030311672747998', '127.0.0.1', '', '2023-01-03 14:13:18', NULL, NULL),
(86, 1, '1273030311672763839', '127.0.0.1', '', '2023-01-03 18:37:19', NULL, NULL),
(87, 1, '1273030311672766180', '127.0.0.1', '', '2023-01-03 19:16:20', NULL, NULL),
(88, 1, '1273030311672766691', '127.0.0.1', '', '2023-01-03 19:24:51', NULL, NULL),
(89, 1, '1273030311672821710', '127.0.0.1', '', '2023-01-04 10:41:50', NULL, NULL),
(90, 1, '1273030311672846952', '127.0.0.1', '', '2023-01-04 17:42:32', NULL, NULL),
(91, 1, '1273030311672863305', '127.0.0.1', '', '2023-01-04 22:15:05', NULL, NULL),
(92, 1, '1273030311672867635', '127.0.0.1', '', '2023-01-04 23:27:15', NULL, NULL),
(93, 1, '1273030311672901777', '127.0.0.1', '', '2023-01-05 08:56:17', NULL, NULL),
(94, 1, '1273030311672916430', '127.0.0.1', '', '2023-01-05 13:00:30', NULL, NULL),
(95, 1, '1273030311672917637', '127.0.0.1', '', '2023-01-05 13:20:37', NULL, NULL),
(96, 1, '1273030311672937872', '127.0.0.1', '', '2023-01-05 18:57:52', NULL, NULL),
(97, 1, '1273030311672996689', '127.0.0.1', '', '2023-01-06 11:18:09', NULL, NULL),
(98, 1, '1273030311673001495', '127.0.0.1', '', '2023-01-06 12:38:15', NULL, NULL),
(99, 1, '1273030311673159627', '127.0.0.1', '', '2023-01-08 08:33:47', NULL, NULL),
(100, 1, '1273030311673161952', '127.0.0.1', '', '2023-01-08 09:12:32', NULL, NULL),
(101, 1, '1273030311673171150', '127.0.0.1', '', '2023-01-08 11:45:50', NULL, NULL),
(102, 1, '1273030311673177377', '127.0.0.1', '', '2023-01-08 13:29:37', NULL, NULL),
(103, 1, '1273030311673180096', '127.0.0.1', '', '2023-01-08 14:14:56', NULL, NULL),
(104, 1, '1273030311673182425', '127.0.0.1', '', '2023-01-08 14:53:45', NULL, NULL),
(105, 1, '1273030311673194860', '127.0.0.1', '', '2023-01-08 18:21:00', NULL, NULL),
(106, 1, '1273030311673207722', '127.0.0.1', '', '2023-01-08 21:55:22', NULL, NULL),
(107, 1, '1273030311673249184', '127.0.0.1', '', '2023-01-09 09:26:24', NULL, NULL),
(108, 1, '1273030311673253144', '127.0.0.1', '', '2023-01-09 10:32:24', NULL, NULL),
(109, 1, '1273030311673262416', '127.0.0.1', '', '2023-01-09 13:06:56', NULL, NULL),
(110, 1, '1273030311673267525', '127.0.0.1', '', '2023-01-09 14:32:05', NULL, NULL),
(111, 1, '1273030311673272263', '127.0.0.1', '', '2023-01-09 15:51:03', NULL, NULL),
(112, 1, '1273030311673280620', '127.0.0.1', '', '2023-01-09 18:10:20', NULL, NULL),
(113, 1, '1273030311673286775', '127.0.0.1', '', '2023-01-09 19:52:55', NULL, NULL),
(114, 1, '1273030311673327482', '127.0.0.1', '', '2023-01-10 07:11:22', NULL, NULL),
(115, 1, '1273030311673414491', '127.0.0.1', '', '2023-01-11 07:21:31', NULL, NULL),
(116, 1, '1273030311673434976', '127.0.0.1', '', '2023-01-11 13:02:56', NULL, NULL),
(117, 1, '1273030311673454947', '127.0.0.1', '', '2023-01-11 18:35:47', NULL, NULL),
(118, 1, '1273030311673510916', '127.0.0.1', '', '2023-01-12 10:08:36', NULL, NULL),
(119, 1, '1273030311673529381', '127.0.0.1', '', '2023-01-12 15:16:21', NULL, NULL),
(120, 1, '1273030311673535418', '127.0.0.1', '', '2023-01-12 16:56:58', NULL, NULL),
(121, 1, '1273030311673538396', '127.0.0.1', '', '2023-01-12 17:46:36', NULL, NULL),
(122, 1, '1273030311673760748', '127.0.0.1', '', '2023-01-15 07:32:28', NULL, NULL),
(123, 1, '1273030311673856171', '127.0.0.1', '', '2023-01-16 10:02:51', NULL, NULL),
(124, 1, '1273030311673858908', '127.0.0.1', '', '2023-01-16 10:48:28', NULL, NULL),
(125, 1, '1273030311673868329', '127.0.0.1', '', '2023-01-16 13:25:29', NULL, NULL),
(126, 1, '1273030311673884147', '127.0.0.1', '', '2023-01-16 17:49:07', NULL, NULL),
(127, 1, '1273030311673943410', '127.0.0.1', '', '2023-01-17 10:16:50', NULL, NULL),
(128, 1, '1273030311673952362', '127.0.0.1', '', '2023-01-17 12:46:02', NULL, NULL),
(129, 1, '1273030311673961278', '127.0.0.1', '', '2023-01-17 15:14:38', NULL, NULL),
(130, 1, '1273030311674111645', '127.0.0.1', '', '2023-01-19 09:00:45', NULL, NULL),
(131, 1, '1273030311674115995', '127.0.0.1', '', '2023-01-19 10:13:15', NULL, NULL),
(132, 1, '1273030311674119767', '127.0.0.1', '', '2023-01-19 11:16:07', NULL, NULL),
(133, 1, '1273030311674463940', '127.0.0.1', '', '2023-01-23 10:52:20', NULL, NULL),
(134, 1, '1273030311674465833', '127.0.0.1', '', '2023-01-23 11:23:53', NULL, NULL),
(135, 1, '1273030311674467238', '127.0.0.1', '', '2023-01-23 11:47:18', NULL, NULL),
(136, 1, '1273030311674468212', '127.0.0.1', '', '2023-01-23 12:03:32', NULL, NULL),
(137, 1, '1273030311674481521', '127.0.0.1', '', '2023-01-23 15:45:21', NULL, NULL),
(138, 1, '1273030311674481562', '127.0.0.1', '', '2023-01-23 15:46:02', NULL, NULL),
(139, 1, '1273030311674544522', '127.0.0.1', '', '2023-01-24 09:15:22', NULL, NULL),
(140, 1, '1273030311674544870', '127.0.0.1', '', '2023-01-24 09:21:10', NULL, NULL),
(141, 1, '1273030311674544942', '127.0.0.1', '', '2023-01-24 09:22:22', NULL, NULL),
(142, 1, '1273030311674544966', '127.0.0.1', '', '2023-01-24 09:22:46', NULL, NULL),
(143, 1, '1273030311674545018', '127.0.0.1', '', '2023-01-24 09:23:38', NULL, NULL),
(144, 1, '1273030311674545073', '127.0.0.1', '', '2023-01-24 09:24:33', NULL, NULL),
(145, 1, '1273030311674547194', '127.0.0.1', '', '2023-01-24 09:59:54', NULL, NULL),
(146, 1, '1273030311674555602', '127.0.0.1', '', '2023-01-24 12:20:02', NULL, NULL),
(147, 1, '1273030311674557091', '127.0.0.1', '', '2023-01-24 12:44:51', NULL, NULL),
(148, 1, '1273030311674573655', '127.0.0.1', '', '2023-01-24 17:20:55', NULL, NULL),
(149, 1, '1273030311674575750', '127.0.0.1', '', '2023-01-24 17:55:50', NULL, NULL),
(150, 1, '1273030311674589449', '127.0.0.1', '', '2023-01-24 21:44:09', NULL, NULL),
(151, 1, '1273030311674592118', '127.0.0.1', '', '2023-01-24 22:28:38', NULL, NULL),
(152, 1, '1273030311674635534', '127.0.0.1', '', '2023-01-25 10:32:14', NULL, NULL),
(153, 1, '1273030311674638518', '127.0.0.1', '', '2023-01-25 11:21:58', NULL, NULL),
(154, 1, '1273030311674642150', '127.0.0.1', '', '2023-01-25 12:22:30', NULL, NULL),
(155, 1, '1273030311674645050', '127.0.0.1', '', '2023-01-25 13:10:50', NULL, NULL),
(156, 1, '1273030311674645124', '127.0.0.1', '', '2023-01-25 13:12:04', NULL, NULL),
(157, 1, '1273030311674652560', '127.0.0.1', '', '2023-01-25 15:16:00', NULL, NULL),
(158, 1, '1273030311674653458', '127.0.0.1', '', '2023-01-25 15:30:58', NULL, NULL),
(159, 1, '1273030311674666354', '127.0.0.1', '', '2023-01-25 19:05:54', NULL, NULL),
(160, 1, '1273030311674676817', '127.0.0.1', '', '2023-01-25 22:00:17', NULL, NULL),
(161, 1, '1273030311674682211', '127.0.0.1', '', '2023-01-25 23:30:11', NULL, NULL),
(162, 1, '1273030311674716639', '127.0.0.1', '', '2023-01-26 09:03:59', NULL, NULL),
(163, 1, '1273030311674718971', '127.0.0.1', '', '2023-01-26 09:42:51', NULL, NULL),
(164, 1, '1273030311674723667', '127.0.0.1', '', '2023-01-26 11:01:07', NULL, NULL),
(165, 1, '1273030311674751823', '127.0.0.1', '', '2023-01-26 18:50:23', NULL, NULL),
(166, 1, '1273030311674834683', '127.0.0.1', '', '2023-01-27 17:51:23', NULL, NULL),
(167, 1, '1273030311674835014', '127.0.0.1', '', '2023-01-27 17:56:54', NULL, NULL),
(168, 1, '1273030311674835199', '127.0.0.1', '', '2023-01-27 17:59:59', NULL, NULL),
(169, 1, '1273030311674978419', '127.0.0.1', '', '2023-01-29 09:46:59', NULL, NULL),
(170, 1, '1273030311674982921', '127.0.0.1', '', '2023-01-29 11:02:01', NULL, NULL),
(171, 1, '1273030311674988621', '127.0.0.1', '', '2023-01-29 12:37:01', NULL, NULL),
(172, 1, '1273030311675062741', '127.0.0.1', '', '2023-01-30 09:12:21', NULL, NULL),
(173, 1, '1273030311675067396', '127.0.0.1', '', '2023-01-30 10:29:56', NULL, NULL),
(174, 1, '1273030311675081753', '127.0.0.1', '', '2023-01-30 14:29:13', NULL, NULL),
(175, 1, '1273030311675087172', '127.0.0.1', '', '2023-01-30 15:59:32', NULL, NULL),
(176, 1, '1273030311675087851', '127.0.0.1', '', '2023-01-30 16:10:51', NULL, NULL),
(177, 1, '1273030311675104231', '127.0.0.1', '', '2023-01-30 20:43:51', NULL, NULL),
(178, 1, '1273030311675151343', '127.0.0.1', '', '2023-01-31 09:49:03', NULL, NULL),
(179, 1, '1273030311675151496', '127.0.0.1', '', '2023-01-31 09:51:36', NULL, NULL),
(180, 1, '1273030311675160470', '127.0.0.1', '', '2023-01-31 12:21:10', NULL, NULL),
(181, 1, '1273030311675160873', '127.0.0.1', '', '2023-01-31 12:27:53', NULL, NULL),
(182, 1, '1273030311675160981', '127.0.0.1', '', '2023-01-31 12:29:41', NULL, NULL),
(183, 5, '1273030311675169975', '127.0.0.1', '', '2023-01-31 14:59:35', NULL, NULL),
(184, 5, '1273030311675170089', '127.0.0.1', '', '2023-01-31 15:01:29', NULL, NULL),
(185, 1, '1273030311675170110', '127.0.0.1', '', '2023-01-31 15:01:50', NULL, NULL),
(186, 1, '1273030311675173994', '127.0.0.1', '', '2023-01-31 16:06:34', NULL, NULL),
(187, 1, '1273030311675181109', '127.0.0.1', '', '2023-01-31 18:05:09', NULL, NULL),
(188, 1, '1273030311675190230', '127.0.0.1', '', '2023-01-31 20:37:10', NULL, NULL),
(189, 1, '1273030311675194607', '127.0.0.1', '', '2023-01-31 21:50:07', NULL, NULL),
(190, 1, '1273030311675195974', '127.0.0.1', '', '2023-01-31 22:12:54', NULL, NULL),
(191, 1, '1273030311675235411', '127.0.0.1', '', '2023-02-01 09:10:11', NULL, NULL),
(192, 1, '1273030311675238019', '127.0.0.1', '', '2023-02-01 09:53:39', NULL, NULL),
(193, 1, '1273030311675241974', '127.0.0.1', '', '2023-02-01 10:59:34', NULL, NULL),
(194, 1, '1273030311675259307', '127.0.0.1', '', '2023-02-01 15:48:27', NULL, NULL),
(195, 1, '1273030311675268323', '127.0.0.1', '', '2023-02-01 18:18:43', NULL, NULL),
(196, 1, '1273030311675289092', '127.0.0.1', '', '2023-02-02 00:04:52', NULL, NULL);

-- --------------------------------------------------------

--
-- Table structure for table `menu_items`
--

CREATE TABLE `menu_items` (
  `id` int NOT NULL,
  `site_id` int NOT NULL,
  `menu_id` smallint NOT NULL,
  `parent` int NOT NULL,
  `page_id` int DEFAULT NULL,
  `url` varchar(80) DEFAULT NULL,
  `title` varchar(80) NOT NULL,
  `priority` int NOT NULL DEFAULT '0',
  `target` tinyint NOT NULL DEFAULT '0',
  `link_type` smallint NOT NULL DEFAULT '0',
  `css_class` varchar(32) NOT NULL,
  `active` tinyint NOT NULL DEFAULT '1'
) ENGINE=InnoDB DEFAULT CHARSET=utf8mb4 COLLATE=utf8mb4_general_ci;

--
-- Dumping data for table `menu_items`
--

INSERT INTO `menu_items` (`id`, `site_id`, `menu_id`, `parent`, `page_id`, `url`, `title`, `priority`, `target`, `link_type`, `css_class`, `active`) VALUES
(87, 2, 2, 122, -1, 'http://google.com', 'גוגל', 100, 1, 0, '', 1),
(88, 2, 2, 122, -1, '#', 'פייסוש', 100, 0, 0, '', 1),
(89, 2, 2, 0, 17, '', 'עונות השנה', 100, 0, 1, '', 1),
(90, 2, 2, 89, 18, '', 'קיץ', 100, 0, 1, '', 1),
(91, 2, 2, 93, 19, '', 'חורף', 100, 0, 1, '', 1),
(92, 2, 2, 89, 20, '', 'סתיו', 100, 0, 1, '', 1),
(93, 2, 2, 89, 21, '', 'אביב', 100, 0, 1, '', 1),
(94, 2, 2, 92, 22, '', 'חגיי תשרי', 100, 0, 1, '', 1),
(95, 2, 2, 94, 23, '', 'ראש השנה', 100, 0, 1, '', 1),
(96, 2, 2, 94, 24, '', 'סוכות', 100, 0, 1, '', 1),
(97, 2, 2, 94, 25, '', 'יום כיפור', 100, 0, 1, '', 1),
(98, 2, 1, 0, 16, '#', 'מדריכים', 100, 0, 1, '', 1),
(99, 2, 1, 0, 25, '#', 'יועצים', 100, 0, 1, '', 1),
(100, 2, 1, 0, -1, '', 'מחירון מומלץ', 100, 0, 2, '', 1),
(101, 2, 1, 0, -1, '#', 'הצעת מחיר בקליק', 100, 0, 0, '', 1),
(102, 2, 1, 0, -1, 'contact/form/', 'צור קשר', 100, 0, 0, '', 1),
(103, 2, 2, 0, -1, 'contact/form/', 'צור קשר', 100, 0, 0, '', 1),
(104, 2, 1, 100, -1, '#', 'טלויזיה ואינטרנט', 100, 0, 0, '', 1),
(105, 2, 1, 100, -1, '#', 'מילוי קמטים בפנים', 100, 0, 0, '', 1),
(106, 2, 1, 100, -1, '', 'טיפולי אסתטיקה ', 100, 0, 0, '', 1),
(107, 2, 1, 100, -1, '', 'ניתוחים פלסטיים', 100, 0, 0, '', 1),
(108, 2, 1, 100, -1, '', 'עיצוב שיער', 100, 0, 0, '', 1),
(109, 2, 1, 100, -1, '', 'עורכי דין', 100, 0, 0, '', 1),
(110, 2, 1, 100, -1, '', 'עיצוב פנים', 100, 0, 0, '', 1),
(111, 2, 1, 100, -1, '', 'החזרי מס', 100, 0, 0, '', 1),
(112, 2, 1, 101, -1, '#', 'עורכי דין', 100, 0, 0, '', 1),
(113, 2, 2, 0, 29, '', 'הובלות', 100, 0, 1, '', 1),
(114, 2, 2, 113, 30, '', 'הובלות גדולות', 100, 0, 1, '', 1),
(122, 2, 2, 0, -1, '', 'רשתות גדולות', 100, 0, 2, '', 1);

-- --------------------------------------------------------

--
-- Table structure for table `net_banners`
--

CREATE TABLE `net_banners` (
  `id` int NOT NULL,
  `date_in` datetime NOT NULL DEFAULT CURRENT_TIMESTAMP,
  `dir_id` int NOT NULL DEFAULT '0',
  `label` varchar(50) NOT NULL DEFAULT '',
  `description` varchar(150) NOT NULL DEFAULT '',
  `image` varchar(100) NOT NULL DEFAULT '',
  `video` varchar(100) DEFAULT NULL,
  `goto_href` varchar(250) NOT NULL DEFAULT '',
  `free_html` text,
  `priority` smallint NOT NULL DEFAULT '0',
  `max_views` mediumint NOT NULL DEFAULT '0',
  `views` mediumint NOT NULL DEFAULT '0',
  `clicks` mediumint NOT NULL DEFAULT '0',
  `convertions` mediumint NOT NULL DEFAULT '0',
  `active` tinyint NOT NULL DEFAULT '1',
  `deleted` tinyint NOT NULL DEFAULT '0'
) ENGINE=InnoDB DEFAULT CHARSET=utf8mb4 COLLATE=utf8mb4_general_ci;

--
-- Dumping data for table `net_banners`
--

INSERT INTO `net_banners` (`id`, `date_in`, `dir_id`, `label`, `description`, `image`, `video`, `goto_href`, `free_html`, `priority`, `max_views`, `views`, `clicks`, `convertions`, `active`, `deleted`) VALUES
(8, '2023-01-31 15:03:25', 2, 'בלה בלה בלה', '', '', '', '', NULL, 0, 0, 0, 0, 0, 1, 0);

-- --------------------------------------------------------

--
-- Table structure for table `net_banner_cat`
--

CREATE TABLE `net_banner_cat` (
  `id` int NOT NULL,
  `banner_id` int NOT NULL,
  `cat_id` int NOT NULL
) ENGINE=InnoDB DEFAULT CHARSET=utf8mb4 COLLATE=utf8mb4_general_ci;

--
-- Dumping data for table `net_banner_cat`
--

INSERT INTO `net_banner_cat` (`id`, `banner_id`, `cat_id`) VALUES
(98, 8, 11),
(99, 8, 16);

-- --------------------------------------------------------

--
-- Table structure for table `net_directories`
--

CREATE TABLE `net_directories` (
  `id` int NOT NULL,
  `label` varchar(80) NOT NULL,
  `active` tinyint NOT NULL DEFAULT '1'
) ENGINE=InnoDB DEFAULT CHARSET=utf8mb4 COLLATE=utf8mb4_general_ci;

--
-- Dumping data for table `net_directories`
--

INSERT INTO `net_directories` (`id`, `label`, `active`) VALUES
(2, 'רשת - מחסן', 1);

-- --------------------------------------------------------

--
-- Table structure for table `posts`
--

CREATE TABLE `posts` (
  `id` int NOT NULL,
  `author` int NOT NULL,
  `content` text,
  `visible` tinyint NOT NULL DEFAULT '1'
) ENGINE=InnoDB DEFAULT CHARSET=utf8mb4 COLLATE=utf8mb4_general_ci;

--
-- Dumping data for table `posts`
--

INSERT INTO `posts` (`id`, `author`, `content`, `visible`) VALUES
(1, 1, 'Hi how are you post 1', 1),
(2, 1, 'Hi how are you post 1', 1);

-- --------------------------------------------------------

--
-- Table structure for table `sites`
--

CREATE TABLE `sites` (
  `id` int NOT NULL,
  `domain` varchar(32) NOT NULL,
  `title` varchar(80) NOT NULL,
  `is_secure` tinyint NOT NULL DEFAULT '0',
  `meta_title` varchar(80) DEFAULT NULL,
  `meta_description` varchar(80) DEFAULT NULL,
  `meta_keywords` varchar(80) DEFAULT NULL,
  `home_page` int NOT NULL DEFAULT '0',
  `logo` varchar(32) DEFAULT NULL
) ENGINE=InnoDB DEFAULT CHARSET=utf8mb4 COLLATE=utf8mb4_general_ci;

--
-- Dumping data for table `sites`
--

INSERT INTO `sites` (`id`, `domain`, `title`, `is_secure`, `meta_title`, `meta_description`, `meta_keywords`, `home_page`, `logo`) VALUES
(1, 'mynewmvc.com', 'המערכת אתרים החדשה שלנו', 0, 'מערכת אתרים החדשה שלנו\r\n', NULL, NULL, 0, NULL),
(2, 'love.com', 'ספינת האהבה של איי אל ביז', 0, 'ספינת האהבה', '', '', 27, 'logo.png'),
(3, 'usites.com', 'המערכת אתרים החדשה שלנו', 0, 'מערכת אתרים החדשה שלנו\r\n', NULL, NULL, 0, NULL);

-- --------------------------------------------------------

--
-- Table structure for table `tasks`
--

CREATE TABLE `tasks` (
  `id` int NOT NULL,
  `user_id` int NOT NULL,
  `title` varchar(80) CHARACTER SET utf8mb4 COLLATE utf8mb4_general_ci NOT NULL,
  `description` text NOT NULL,
  `status` int NOT NULL DEFAULT '1',
  `phone` varchar(32) DEFAULT NULL,
  `email` varchar(32) DEFAULT NULL,
  `banner` varchar(32) DEFAULT NULL,
  `visible` tinyint NOT NULL DEFAULT '1',
  `form_img` varchar(32) DEFAULT NULL,
  `site_id` int NOT NULL,
  `priority` int NOT NULL DEFAULT '0'
) ENGINE=InnoDB DEFAULT CHARSET=utf8mb4 COLLATE=utf8mb4_general_ci;

--
-- Dumping data for table `tasks`
--

INSERT INTO `tasks` (`id`, `user_id`, `title`, `description`, `status`, `phone`, `email`, `banner`, `visible`, `form_img`, `site_id`, `priority`) VALUES
(11, 3, 'סתם  2 44 d', 'זוהי הדמיית משימה זוהי הדמיית משימה זוהי הדמיית משימה זוהי הדמיית משימה זוהי הדמיית משימה זוהי הדמיית משימה זוהי הדמיית משימה זוהי הדמיית משימה זוהי הדמיית משימה זוהי הדמיית משימה זוהי הדמיית משימה זוהי הדמיית משימה ', 1, '0542323232', '444d77o@kobi.com', '', 1, NULL, 0, 0),
(13, 4, 'כל שהוא אחר 777', 'זוהי הדמיית משימה זוהי הדמיית משימה זוהי הדמיית משימה זוהי הדמיית משימה זוהי הדמיית משימה זוהי הדמיית משימה זוהי הדמיית משימה זוהי הדמיית משימה זוהי הדמיית משימה זוהי הדמיית משימה זוהי הדמיית משימה זוהי הדמיית משימה ', 1, '0542323232', 'demo@kobi.com', '', 1, NULL, 0, 0),
(14, 4, 'מי אאמ אני ולא', 'זוהי הדמיית משימה זוהי הדמיית משימה זוהי הדמיית משימה זוהי הדמיית משימה זוהי הדמיית משימה זוהי הדמיית משימה זוהי הדמיית משימה זוהי הדמיית משימה זוהי הדמיית משימה זוהי הדמיית משימה זוהי הדמיית משימה זוהי הדמיית משימה ', 1, '0542323232', 'demo@kobi.com', 'banner_14.jpg', 1, '', 0, 0),
(15, 3, 'שמיים מעל', 'זוהי הדמיית משימה זוהי הדמיית משימה זוהי הדמיית משימה זוהי הדמיית משימה זוהי הדמיית משימה זוהי הדמיית משימה זוהי הדמיית משימה זוהי הדמיית משימה זוהי הדמיית משימה זוהי הדמיית משימה זוהי הדמיית משימה זוהי הדמיית משימה ', 1, '0542393397', 'de3mo@kobi.com', 'banner_15.png', 1, '', 0, 0),
(16, 3, 'בבית בית בבית בחוץ', 'זוהי הדמיית משימה זוהי הדמיית משימה זוהי הדמיית משימה זוהי הדמיית משימה זוהי הדמיית משימה זוהי הדמיית משימה זוהי הדמיית משימה זוהי הדמיית משימה זוהי הדמיית משימה זוהי הדמיית משימה זוהי הדמיית משימה זוהי הדמיית משימה ', 1, '0542323232', 'de4mo@kobi.com', 'banner_16.png', 1, '', 0, 0),
(17, 4, 'שמש אש אויר כוכב אחר', 'זוהי הדמיית משימה זוהי הדמיית משימה זוהי הדמיית משימה זוהי הדמיית משימה זוהי הדמיית משימה זוהי הדמיית משימה זוהי הדמיית משימה זוהי הדמיית משימה זוהי הדמיית משימה זוהי הדמיית משימה זוהי הדמיית משימה זוהי הדמיית משימה ', 1, '0542323239', 'demo@kobi.com', 'banner_17.png', 1, 'form_img_17.png', 0, 0),
(18, 4, 'צפון דרום', 'זוהי הדמיית משימה זוהי הדמיית משימה זוהי הדמיית משימה זוהי הדמיית משימה זוהי הדמיית משימה זוהי הדמיית משימה זוהי הדמיית משימה זוהי הדמיית משימה זוהי הדמיית משימה זוהי הדמיית משימה זוהי הדמיית משימה זוהי הדמיית משימה ', 1, '0542323232', 'demo@kobi.com', 'banner_18.jpg', 1, '', 0, 0),
(19, 4, 'מזרח מערב', 'זוהי הדמיית משימה זוהי הדמיית משימה זוהי הדמיית משימה זוהי הדמיית משימה זוהי הדמיית משימה זוהי הדמיית משימה זוהי הדמיית משימה זוהי הדמיית משימה זוהי הדמיית משימה זוהי הדמיית משימה זוהי הדמיית משימה זוהי הדמיית משימה ', 1, '0542323232', 'demo@kobi.com', NULL, 1, NULL, 0, 0),
(20, 3, 'בוץ יחפים וכיף', 'זוהי הדמיית משימה זוהי הדמיית משימה זוהי הדמיית משימה זוהי הדמיית משימה זוהי הדמיית משימה זוהי הדמיית משימה זוהי הדמיית משימה זוהי הדמיית משימה זוהי הדמיית משימה זוהי הדמיית משימה זוהי הדמיית משימה זוהי הדמיית משימה ', 1, '0542323232', 'demo@kobi.com', NULL, 1, NULL, 0, 0),
(21, 1, 'גלים גבוהים היום', 'זוהי הדמיית משימה זוהי הדמיית משימה זוהי הדמיית משימה זוהי הדמיית משימה זוהי הדמיית משימה זוהי הדמיית משימה זוהי הדמיית משימה זוהי הדמיית משימה זוהי הדמיית משימה זוהי הדמיית משימה זוהי הדמיית משימה זוהי הדמיית משימה ', 1, '0542323232', 'demo@kobi.com', 'banner_21.jpg', 1, 'form_img_21.jpg', 0, 1),
(22, 4, 'משימת שמש', 'זוהי הדמיית משימה זוהי הדמיית משימה זוהי הדמיית משימה זוהי הדמיית משימה זוהי הדמיית משימה זוהי הדמיית משימה זוהי הדמיית משימה זוהי הדמיית משימה זוהי הדמיית משימה זוהי הדמיית משימה זוהי הדמיית משימה זוהי הדמיית משימה ', 1, '0542323232', 'demo@kobi.com', NULL, 1, NULL, 0, 0),
(23, 4, 'משימת כיף', 'זוהי הדמיית משימה זוהי הדמיית משימה זוהי הדמיית משימה זוהי הדמיית משימה זוהי הדמיית משימה זוהי הדמיית משימה זוהי הדמיית משימה זוהי הדמיית משימה זוהי הדמיית משימה זוהי הדמיית משימה זוהי הדמיית משימה זוהי הדמיית משימה ', 1, '0542323232', 'demo@kobi.com', NULL, 1, NULL, 0, 0),
(24, 1, 'חידת כוכבים', 'זוהי הדמיית משימה זוהי הדמיית משימה זוהי הדמיית משימה זוהי הדמיית משימה זוהי הדמיית משימה זוהי הדמיית משימה זוהי הדמיית משימה זוהי הדמיית משימה זוהי הדמיית משימה זוהי הדמיית משימה זוהי הדמיית משימה זוהי הדמיית משימה ', 1, '0542323232', 'demo@kobi.com', NULL, 1, NULL, 0, 2),
(25, 1, 'בוא נלך לבית הכנסת nn', 'זוהי הדמיית משימה זוהי הדמיית משימה זוהי הדמיית משימה זוהי הדמיית משימה זוהי הדמיית משימה זוהי הדמיית משימה זוהי הדמיית משימה זוהי הדמיית משימה זוהי הדמיית משימה זוהי הדמיית משימה זוהי הדמיית משימה זוהי הדמיית משימה ', 1, '0542323232', 'demo@kobi.com', 'banner_25.png', 1, '', 0, 6),
(26, 3, 'עבודנ טובה עבודה טובה', 'זוהי הדמיית משימה זוהי הדמיית משימה זוהי הדמיית משימה זוהי הדמיית משימה זוהי הדמיית משימה זוהי הדמיית משימה זוהי הדמיית משימה זוהי הדמיית משימה זוהי הדמיית משימה זוהי הדמיית משימה זוהי הדמיית משימה זוהי הדמיית משימה ', 1, '0542323232', 'demo@kobi.com', NULL, 1, NULL, 0, 0),
(28, 1, 'גוז אגוז נגוז פגוז', 'זוהי הדמיית משימה זוהי הדמיית משימה זוהי הדמיית משימה זוהי הדמיית משימה זוהי הדמיית משימה זוהי הדמיית משימה זוהי הדמיית משימה זוהי הדמיית משימה זוהי הדמיית משימה זוהי הדמיית משימה זוהי הדמיית משימה זוהי הדמיית משימה ', 1, '0542323232', 'demo@kobi.com', 'banner_28.jpg', 1, '', 0, 4),
(29, 1, 'הדמיית משימהגמדים וענקים חולשים על הממלכה', 'זוהי הדמיית משימה זוהי הדמיית משימה זוהי הדמיית משימה זוהי הדמיית משימה זוהי הדמיית משימה זוהי הדמיית משימה זוהי הדמיית משימה זוהי הדמיית משימה זוהי הדמיית משימה זוהי הדמיית משימה זוהי הדמיית משימה זוהי הדמיית משימה ', 1, '0542323232', 'demo@kobi.com', 'banner_29.jpg', 1, '', 0, 9),
(30, 1, 'כי מציון תצא תורה', 'זוהי הדמיית משימה זוהי הדמיית משימה זוהי הדמיית משימה זוהי הדמיית משימה זוהי הדמיית משימה זוהי הדמיית משימה זוהי הדמיית משימה זוהי הדמיית משימה זוהי הדמיית משימה זוהי הדמיית משימה זוהי הדמיית משימה זוהי הדמיית משימה ', 1, '0542323232', 'demo@kobi.com', NULL, 1, NULL, 0, 5),
(31, 1, 'אתרוג ולולב', 'זוהי הדמיית משימה זוהי הדמיית משימה זוהי הדמיית משימה זוהי הדמיית משימה זוהי הדמיית משימה זוהי הדמיית משימה זוהי הדמיית משימה זוהי הדמיית משימה זוהי הדמיית משימה זוהי הדמיית משימה זוהי הדמיית משימה זוהי הדמיית משימה ', 1, '0542323232', 'demo@kobi.com', 'banner_31.jpg', 1, '', 0, 7),
(34, 1, 'הדמיית משימה', 'זוהי הדמיית משימה זוהי הדמיית משימה זוהי הדמיית משימה זוהי הדמיית משימה זוהי הדמיית משימה זוהי הדמיית משימה זוהי הדמיית משימה זוהי הדמיית משימה זוהי הדמיית משימה זוהי הדמיית משימה זוהי הדמיית משימה זוהי הדמיית משימה ', 1, '0542323232', 'demo@kobi.com', NULL, 1, NULL, 0, 8),
(35, 3, 'בוא תראה איזה מגניב זה', 'בוא תראה איזה מגניב זה בוא תראה איזה מגניב זה בוא תראה איזה מגניב זה ', 1, '0542323239', 'rr@f.com', 'banner_35.png', 1, '', 2, 0);

-- --------------------------------------------------------

--
-- Table structure for table `test`
--

CREATE TABLE `test` (
  `id` int NOT NULL,
  `user_id` int NOT NULL,
  `token` varchar(32) NOT NULL,
  `label` varchar(32) NOT NULL,
  `date_in` datetime NOT NULL DEFAULT CURRENT_TIMESTAMP
) ENGINE=InnoDB DEFAULT CHARSET=utf8mb4 COLLATE=utf8mb4_general_ci;

--
-- Dumping data for table `test`
--

INSERT INTO `test` (`id`, `user_id`, `token`, `label`, `date_in`) VALUES
(1, 1, '', 'hi this is token test login yes', '2023-01-29 09:26:18');

-- --------------------------------------------------------

--
-- Table structure for table `users`
--

CREATE TABLE `users` (
  `id` int NOT NULL,
  `username` varchar(32) NOT NULL,
  `full_name` varchar(32) CHARACTER SET utf8mb4 COLLATE utf8mb4_general_ci NOT NULL,
  `active` smallint NOT NULL DEFAULT '1',
  `roll` int NOT NULL DEFAULT '0',
  `email` varchar(32) NOT NULL,
  `password` varchar(32) NOT NULL,
  `phone` varchar(32) DEFAULT NULL
) ENGINE=InnoDB DEFAULT CHARSET=utf8mb4 COLLATE=utf8mb4_general_ci;

--
-- Dumping data for table `users`
--

INSERT INTO `users` (`id`, `username`, `full_name`, `active`, `roll`, `email`, `password`, `phone`) VALUES
(1, 'test', 'test test', 1, 5, 'test@new.com', '4297f44b13955235245b2497399d7a93', '0542393939'),
(3, 'kobi2', 'kobi hagever', 1, 20, 'kobi2@g.com', '81dc9bdb52d04dc20036dbd8313ed055', '0542393333'),
(4, 'ilan2', 'ilan bossgadol', 1, 20, 'ilan@g.com', '81dc9bdb52d04dc20036dbd8313ed055', '123123123'),
(5, 'קובי הגבר', 'קובי הגבר', 1, 5, 'rr@f.com', '96e79218965eb72c92a549dd5a330112', '123123123');

-- --------------------------------------------------------

--
-- Table structure for table `user_cat`
--

CREATE TABLE `user_cat` (
  `id` int NOT NULL,
  `user_id` int NOT NULL,
  `cat_id` int NOT NULL
) ENGINE=InnoDB DEFAULT CHARSET=utf8mb4 COLLATE=utf8mb4_general_ci;

--
-- Dumping data for table `user_cat`
--

INSERT INTO `user_cat` (`id`, `user_id`, `cat_id`) VALUES
(43, 5, 11),
(44, 5, 12),
(46, 3, 15),
(47, 3, 16),
(48, 3, 12),
(49, 3, 13),
(50, 3, 18);

-- --------------------------------------------------------

--
-- Table structure for table `user_cat_city`
--

CREATE TABLE `user_cat_city` (
  `id` int NOT NULL,
  `user_id` int NOT NULL,
  `cat_id` int NOT NULL,
  `city_id` int NOT NULL
) ENGINE=InnoDB DEFAULT CHARSET=utf8mb4 COLLATE=utf8mb4_general_ci;

--
-- Dumping data for table `user_cat_city`
--

INSERT INTO `user_cat_city` (`id`, `user_id`, `cat_id`, `city_id`) VALUES
(1, 3, 15, 3),
(2, 3, 15, 4),
(3, 3, 15, 5),
(4, 3, 12, 2),
(5, 3, 13, 2),
(6, 3, 13, 3),
(7, 3, 13, 4),
(8, 3, 13, 7),
(9, 4, 12, 2),
(10, 4, 12, 5);

-- --------------------------------------------------------

--
-- Table structure for table `user_city`
--

CREATE TABLE `user_city` (
  `id` int NOT NULL,
  `user_id` int NOT NULL,
  `city_id` int NOT NULL
) ENGINE=InnoDB DEFAULT CHARSET=utf8mb4 COLLATE=utf8mb4_general_ci;

--
-- Dumping data for table `user_city`
--

INSERT INTO `user_city` (`id`, `user_id`, `city_id`) VALUES
(1, 3, 1),
(2, 3, 2),
(3, 3, 3),
(11, 4, 5);

-- --------------------------------------------------------

--
-- Table structure for table `user_lead_settings`
--

CREATE TABLE `user_lead_settings` (
  `id` int NOT NULL,
  `user_id` int NOT NULL,
  `free_send` tinyint NOT NULL DEFAULT '1',
  `lead_credit` int NOT NULL DEFAULT '0'
) ENGINE=InnoDB DEFAULT CHARSET=utf8mb4 COLLATE=utf8mb4_general_ci;

--
-- Dumping data for table `user_lead_settings`
--

INSERT INTO `user_lead_settings` (`id`, `user_id`, `free_send`, `lead_credit`) VALUES
(1, 1, 1, 9);

-- --------------------------------------------------------

--
-- Table structure for table `user_reset_password`
--

CREATE TABLE `user_reset_password` (
  `id` int NOT NULL,
  `user_id` int NOT NULL,
  `token` varchar(32) NOT NULL,
  `status` smallint NOT NULL DEFAULT '1',
  `user_ip` varchar(32) DEFAULT NULL
) ENGINE=InnoDB DEFAULT CHARSET=utf8mb4 COLLATE=utf8mb4_general_ci;

--
-- Dumping data for table `user_reset_password`
--

INSERT INTO `user_reset_password` (`id`, `user_id`, `token`, `status`, `user_ip`) VALUES
(13, 1, '41367', 0, '127.0.0.1'),
(14, 1, '22107', 0, '127.0.0.1'),
(15, 1, '82960', 1, NULL),
(16, 1, '58023', 0, '127.0.0.1'),
(17, 1, '91661', 0, '127.0.0.1');

-- --------------------------------------------------------

--
-- Table structure for table `user_rolls`
--

CREATE TABLE `user_rolls` (
  `id` int NOT NULL,
  `level` smallint NOT NULL,
  `str_identifier` varchar(32) NOT NULL,
  `label` varchar(32) NOT NULL
) ENGINE=InnoDB DEFAULT CHARSET=utf8mb4 COLLATE=utf8mb4_general_ci;

--
-- Dumping data for table `user_rolls`
--

INSERT INTO `user_rolls` (`id`, `level`, `str_identifier`, `label`) VALUES
(1, 5, 'master_admin', 'מנהל כל'),
(2, 10, 'admin', 'מנהל אתרים'),
(3, 15, 'author', 'כותב'),
(4, 20, 'customer', 'לקוח');

-- --------------------------------------------------------

--
-- Table structure for table `user_sites`
--

CREATE TABLE `user_sites` (
  `id` int NOT NULL,
  `user_id` int NOT NULL,
  `site_id` int NOT NULL,
  `roll` varchar(32) NOT NULL,
  `status` tinyint NOT NULL DEFAULT '0'
) ENGINE=InnoDB DEFAULT CHARSET=utf8mb4 COLLATE=utf8mb4_general_ci;

--
-- Dumping data for table `user_sites`
--

INSERT INTO `user_sites` (`id`, `user_id`, `site_id`, `roll`, `status`) VALUES
(1, 1, 3, 'master_admin', 1),
(2, 1, 2, 'master_admin', 1),
(5, 1, 1, 'admin', 1),
(6, 4, 1, 'admin', 1),
(7, 4, 1, 'admin', 1);

--
-- Indexes for dumped tables
--

--
-- Indexes for table `biz_categories`
--
ALTER TABLE `biz_categories`
  ADD PRIMARY KEY (`id`),
  ADD KEY `parent` (`parent`);

--
-- Indexes for table `biz_forms`
--
ALTER TABLE `biz_forms`
  ADD PRIMARY KEY (`id`),
  ADD KEY `id` (`id`);

--
-- Indexes for table `cat_city`
--
ALTER TABLE `cat_city`
  ADD PRIMARY KEY (`id`);

--
-- Indexes for table `cities`
--
ALTER TABLE `cities`
  ADD PRIMARY KEY (`id`),
  ADD KEY `parent` (`parent`);

--
-- Indexes for table `content_blocks`
--
ALTER TABLE `content_blocks`
  ADD PRIMARY KEY (`id`);

--
-- Indexes for table `content_pages`
--
ALTER TABLE `content_pages`
  ADD PRIMARY KEY (`id`);

--
-- Indexes for table `info_stam`
--
ALTER TABLE `info_stam`
  ADD PRIMARY KEY (`id`);

--
-- Indexes for table `login_trace`
--
ALTER TABLE `login_trace`
  ADD PRIMARY KEY (`id`);

--
-- Indexes for table `menu_items`
--
ALTER TABLE `menu_items`
  ADD PRIMARY KEY (`id`);

--
-- Indexes for table `net_banners`
--
ALTER TABLE `net_banners`
  ADD PRIMARY KEY (`id`),
  ADD KEY `deleted` (`deleted`,`active`,`dir_id`);

--
-- Indexes for table `net_banner_cat`
--
ALTER TABLE `net_banner_cat`
  ADD PRIMARY KEY (`id`);

--
-- Indexes for table `net_directories`
--
ALTER TABLE `net_directories`
  ADD PRIMARY KEY (`id`);

--
-- Indexes for table `posts`
--
ALTER TABLE `posts`
  ADD PRIMARY KEY (`id`);

--
-- Indexes for table `sites`
--
ALTER TABLE `sites`
  ADD PRIMARY KEY (`id`);

--
-- Indexes for table `tasks`
--
ALTER TABLE `tasks`
  ADD PRIMARY KEY (`id`);

--
-- Indexes for table `test`
--
ALTER TABLE `test`
  ADD PRIMARY KEY (`id`);

--
-- Indexes for table `users`
--
ALTER TABLE `users`
  ADD PRIMARY KEY (`id`);

--
-- Indexes for table `user_cat`
--
ALTER TABLE `user_cat`
  ADD PRIMARY KEY (`id`);

--
-- Indexes for table `user_cat_city`
--
ALTER TABLE `user_cat_city`
  ADD PRIMARY KEY (`id`);

--
-- Indexes for table `user_city`
--
ALTER TABLE `user_city`
  ADD PRIMARY KEY (`id`);

--
-- Indexes for table `user_lead_settings`
--
ALTER TABLE `user_lead_settings`
  ADD PRIMARY KEY (`id`);

--
-- Indexes for table `user_reset_password`
--
ALTER TABLE `user_reset_password`
  ADD PRIMARY KEY (`id`);

--
-- Indexes for table `user_rolls`
--
ALTER TABLE `user_rolls`
  ADD PRIMARY KEY (`id`);

--
-- Indexes for table `user_sites`
--
ALTER TABLE `user_sites`
  ADD PRIMARY KEY (`id`);

--
-- AUTO_INCREMENT for dumped tables
--

--
-- AUTO_INCREMENT for table `biz_categories`
--
ALTER TABLE `biz_categories`
  MODIFY `id` int NOT NULL AUTO_INCREMENT, AUTO_INCREMENT=28;

--
-- AUTO_INCREMENT for table `biz_forms`
--
ALTER TABLE `biz_forms`
  MODIFY `id` int NOT NULL AUTO_INCREMENT, AUTO_INCREMENT=10;

--
-- AUTO_INCREMENT for table `cat_city`
--
ALTER TABLE `cat_city`
  MODIFY `id` int NOT NULL AUTO_INCREMENT, AUTO_INCREMENT=18;

--
-- AUTO_INCREMENT for table `cities`
--
ALTER TABLE `cities`
  MODIFY `id` int NOT NULL AUTO_INCREMENT, AUTO_INCREMENT=15;

--
-- AUTO_INCREMENT for table `content_blocks`
--
ALTER TABLE `content_blocks`
  MODIFY `id` int NOT NULL AUTO_INCREMENT, AUTO_INCREMENT=43;

--
-- AUTO_INCREMENT for table `content_pages`
--
ALTER TABLE `content_pages`
  MODIFY `id` int NOT NULL AUTO_INCREMENT, AUTO_INCREMENT=32;

--
-- AUTO_INCREMENT for table `info_stam`
--
ALTER TABLE `info_stam`
  MODIFY `id` int NOT NULL AUTO_INCREMENT, AUTO_INCREMENT=5;

--
-- AUTO_INCREMENT for table `login_trace`
--
ALTER TABLE `login_trace`
  MODIFY `id` int NOT NULL AUTO_INCREMENT, AUTO_INCREMENT=197;

--
-- AUTO_INCREMENT for table `menu_items`
--
ALTER TABLE `menu_items`
  MODIFY `id` int NOT NULL AUTO_INCREMENT, AUTO_INCREMENT=123;

--
-- AUTO_INCREMENT for table `net_banners`
--
ALTER TABLE `net_banners`
  MODIFY `id` int NOT NULL AUTO_INCREMENT, AUTO_INCREMENT=9;

--
-- AUTO_INCREMENT for table `net_banner_cat`
--
ALTER TABLE `net_banner_cat`
  MODIFY `id` int NOT NULL AUTO_INCREMENT, AUTO_INCREMENT=100;

--
-- AUTO_INCREMENT for table `net_directories`
--
ALTER TABLE `net_directories`
  MODIFY `id` int NOT NULL AUTO_INCREMENT, AUTO_INCREMENT=4;

--
-- AUTO_INCREMENT for table `posts`
--
ALTER TABLE `posts`
  MODIFY `id` int NOT NULL AUTO_INCREMENT, AUTO_INCREMENT=3;

--
-- AUTO_INCREMENT for table `sites`
--
ALTER TABLE `sites`
  MODIFY `id` int NOT NULL AUTO_INCREMENT, AUTO_INCREMENT=4;

--
-- AUTO_INCREMENT for table `tasks`
--
ALTER TABLE `tasks`
  MODIFY `id` int NOT NULL AUTO_INCREMENT, AUTO_INCREMENT=36;

--
-- AUTO_INCREMENT for table `test`
--
ALTER TABLE `test`
  MODIFY `id` int NOT NULL AUTO_INCREMENT, AUTO_INCREMENT=2;

--
-- AUTO_INCREMENT for table `users`
--
ALTER TABLE `users`
  MODIFY `id` int NOT NULL AUTO_INCREMENT, AUTO_INCREMENT=6;

--
-- AUTO_INCREMENT for table `user_cat`
--
ALTER TABLE `user_cat`
  MODIFY `id` int NOT NULL AUTO_INCREMENT, AUTO_INCREMENT=52;

--
-- AUTO_INCREMENT for table `user_cat_city`
--
ALTER TABLE `user_cat_city`
  MODIFY `id` int NOT NULL AUTO_INCREMENT, AUTO_INCREMENT=11;

--
-- AUTO_INCREMENT for table `user_city`
--
ALTER TABLE `user_city`
  MODIFY `id` int NOT NULL AUTO_INCREMENT, AUTO_INCREMENT=12;

--
-- AUTO_INCREMENT for table `user_lead_settings`
--
ALTER TABLE `user_lead_settings`
  MODIFY `id` int NOT NULL AUTO_INCREMENT, AUTO_INCREMENT=2;

--
-- AUTO_INCREMENT for table `user_reset_password`
--
ALTER TABLE `user_reset_password`
  MODIFY `id` int NOT NULL AUTO_INCREMENT, AUTO_INCREMENT=18;

--
-- AUTO_INCREMENT for table `user_rolls`
--
ALTER TABLE `user_rolls`
  MODIFY `id` int NOT NULL AUTO_INCREMENT, AUTO_INCREMENT=5;

--
-- AUTO_INCREMENT for table `user_sites`
--
ALTER TABLE `user_sites`
  MODIFY `id` int NOT NULL AUTO_INCREMENT, AUTO_INCREMENT=8;
COMMIT;

/*!40101 SET CHARACTER_SET_CLIENT=@OLD_CHARACTER_SET_CLIENT */;
/*!40101 SET CHARACTER_SET_RESULTS=@OLD_CHARACTER_SET_RESULTS */;
/*!40101 SET COLLATION_CONNECTION=@OLD_COLLATION_CONNECTION */;
